system:index;imageId;month;year
1_1_LT05_172073_19860407;1_1_LT05_172073_19860407;4;1986
1_1_LT05_172073_19860525;1_1_LT05_172073_19860525;5;1986
1_1_LT05_172073_19861117;1_1_LT05_172073_19861117;11;1986
1_1_LT05_172073_19861203;1_1_LT05_172073_19861203;12;1986
1_1_LT05_172073_19861219;1_1_LT05_172073_19861219;12;1986
1_1_LT05_172073_19870104;1_1_LT05_172073_19870104;1;1987
1_1_LT05_172073_19870221;1_1_LT05_172073_19870221;2;1987
1_1_LT05_172073_19890618;1_1_LT05_172073_19890618;6;1989
1_1_LT05_172073_19890720;1_1_LT05_172073_19890720;7;1989
1_1_LT05_172073_19890821;1_1_LT05_172073_19890821;8;1989
1_1_LT05_172073_19890922;1_1_LT05_172073_19890922;9;1989
1_1_LT05_172073_19891125;1_1_LT05_172073_19891125;11;1989
1_1_LT05_172073_19891211;1_1_LT05_172073_19891211;12;1989
1_1_LT05_172073_19900301;1_1_LT05_172073_19900301;3;1990
1_1_LT05_172073_19900317;1_1_LT05_172073_19900317;3;1990
1_1_LT05_172073_19900402;1_1_LT05_172073_19900402;4;1990
1_1_LT05_172073_19900418;1_1_LT05_172073_19900418;4;1990
1_1_LT05_172073_19900504;1_1_LT05_172073_19900504;5;1990
1_1_LT05_172073_19900605;1_1_LT05_172073_19900605;6;1990
1_1_LT05_172073_19900621;1_1_LT05_172073_19900621;6;1990
1_1_LT05_172073_19900723;1_1_LT05_172073_19900723;7;1990
1_1_LT05_172073_19900925;1_1_LT05_172073_19900925;9;1990
1_1_LT05_172073_19901011;1_1_LT05_172073_19901011;10;1990
1_1_LT05_172073_19901027;1_1_LT05_172073_19901027;10;1990
1_1_LT05_172073_19901128;1_1_LT05_172073_19901128;11;1990
1_1_LT05_172073_19901230;1_1_LT05_172073_19901230;12;1990
1_1_LT05_172073_19910304;1_1_LT05_172073_19910304;3;1991
1_1_LT05_172073_19910320;1_1_LT05_172073_19910320;3;1991
1_1_LT05_172073_19910405;1_1_LT05_172073_19910405;4;1991
1_1_LT05_172073_19910421;1_1_LT05_172073_19910421;4;1991
1_1_LT05_172073_19910624;1_1_LT05_172073_19910624;6;1991
1_1_LT05_172073_19910710;1_1_LT05_172073_19910710;7;1991
1_1_LT05_172073_19910726;1_1_LT05_172073_19910726;7;1991
1_1_LT05_172073_19910811;1_1_LT05_172073_19910811;8;1991
1_1_LT05_172073_19910827;1_1_LT05_172073_19910827;8;1991
1_1_LT05_172073_19910928;1_1_LT05_172073_19910928;9;1991
1_1_LT05_172073_19911030;1_1_LT05_172073_19911030;10;1991
1_1_LT05_172073_19911115;1_1_LT05_172073_19911115;11;1991
1_1_LT05_172073_19920407;1_1_LT05_172073_19920407;4;1992
1_1_LT05_172073_19920626;1_1_LT05_172073_19920626;6;1992
1_1_LT05_172073_19920829;1_1_LT05_172073_19920829;8;1992
1_1_LT05_172073_19920914;1_1_LT05_172073_19920914;9;1992
1_1_LT05_172073_19921203;1_1_LT05_172073_19921203;12;1992
1_1_LT05_172073_19930528;1_1_LT05_172073_19930528;5;1993
1_1_LT05_172073_19930613;1_1_LT05_172073_19930613;6;1993
1_1_LT05_172073_19930816;1_1_LT05_172073_19930816;8;1993
1_1_LT05_172073_19930901;1_1_LT05_172073_19930901;9;1993
1_1_LT05_172073_19930917;1_1_LT05_172073_19930917;9;1993
1_1_LT05_172073_19931206;1_1_LT05_172073_19931206;12;1993
1_1_LT05_172073_19940328;1_1_LT05_172073_19940328;3;1994
1_1_LT05_172073_19940413;1_1_LT05_172073_19940413;4;1994
1_1_LT05_172073_19940515;1_1_LT05_172073_19940515;5;1994
1_1_LT05_172073_19940803;1_1_LT05_172073_19940803;8;1994
1_1_LT05_172073_19941123;1_1_LT05_172073_19941123;11;1994
1_1_LT05_172073_19941209;1_1_LT05_172073_19941209;12;1994
1_1_LT05_172073_19950110;1_1_LT05_172073_19950110;1;1995
1_1_LT05_172073_19950126;1_1_LT05_172073_19950126;1;1995
1_1_LT05_172073_19950315;1_1_LT05_172073_19950315;3;1995
1_1_LT05_172073_19950331;1_1_LT05_172073_19950331;3;1995
1_1_LT05_172073_19950518;1_1_LT05_172073_19950518;5;1995
1_1_LT05_172073_19950603;1_1_LT05_172073_19950603;6;1995
1_1_LT05_172073_19950619;1_1_LT05_172073_19950619;6;1995
1_1_LT05_172073_19950822;1_1_LT05_172073_19950822;8;1995
1_1_LT05_172073_19950907;1_1_LT05_172073_19950907;9;1995
1_1_LT05_172073_19960707;1_1_LT05_172073_19960707;7;1996
1_1_LT05_172073_19960723;1_1_LT05_172073_19960723;7;1996
1_1_LT05_172073_19960808;1_1_LT05_172073_19960808;8;1996
1_1_LT05_172073_19960909;1_1_LT05_172073_19960909;9;1996
1_1_LT05_172073_19960925;1_1_LT05_172073_19960925;9;1996
1_1_LT05_172073_19961011;1_1_LT05_172073_19961011;10;1996
1_1_LT05_172073_19961214;1_1_LT05_172073_19961214;12;1996
1_1_LT05_172073_19970131;1_1_LT05_172073_19970131;1;1997
1_1_LT05_172073_19970624;1_1_LT05_172073_19970624;6;1997
1_1_LT05_172073_19970710;1_1_LT05_172073_19970710;7;1997
1_1_LT05_172073_19970811;1_1_LT05_172073_19970811;8;1997
1_1_LT05_172073_19970827;1_1_LT05_172073_19970827;8;1997
1_1_LT05_172073_19971014;1_1_LT05_172073_19971014;10;1997
1_1_LT05_172073_19971030;1_1_LT05_172073_19971030;10;1997
1_1_LT05_172073_19971217;1_1_LT05_172073_19971217;12;1997
1_1_LT05_172073_19980118;1_1_LT05_172073_19980118;1;1998
1_1_LT05_172073_19980203;1_1_LT05_172073_19980203;2;1998
1_1_LT05_172073_19980424;1_1_LT05_172073_19980424;4;1998
1_1_LT05_172073_19980510;1_1_LT05_172073_19980510;5;1998
1_1_LT05_172073_19980526;1_1_LT05_172073_19980526;5;1998
1_1_LT05_172073_19980611;1_1_LT05_172073_19980611;6;1998
1_1_LT05_172073_19980627;1_1_LT05_172073_19980627;6;1998
1_1_LT05_172073_19980729;1_1_LT05_172073_19980729;7;1998
1_1_LT05_172073_19980814;1_1_LT05_172073_19980814;8;1998
1_1_LT05_172073_19980830;1_1_LT05_172073_19980830;8;1998
1_1_LT05_172073_19980915;1_1_LT05_172073_19980915;9;1998
1_1_LT05_172073_19981220;1_1_LT05_172073_19981220;12;1998
1_1_LT05_172073_19990105;1_1_LT05_172073_19990105;1;1999
1_1_LT05_172073_19990121;1_1_LT05_172073_19990121;1;1999
1_1_LT05_172073_19990222;1_1_LT05_172073_19990222;2;1999
1_1_LT05_172073_19990310;1_1_LT05_172073_19990310;3;1999
1_1_LT05_172073_19990326;1_1_LT05_172073_19990326;3;1999
1_1_LT05_172073_19990411;1_1_LT05_172073_19990411;4;1999
1_1_LT05_172073_19990902;1_1_LT05_172073_19990902;9;1999
1_1_LT05_172073_20000124;1_1_LT05_172073_20000124;1;2000
1_1_LT05_172073_20000312;1_1_LT05_172073_20000312;3;2000
1_1_LT05_172073_20000819;1_1_LT05_172073_20000819;8;2000
1_1_LT05_172073_20000920;1_1_LT05_172073_20000920;9;2000
1_1_LT05_172073_20010110;1_1_LT05_172073_20010110;1;2001
1_1_LT05_172073_20010315;1_1_LT05_172073_20010315;3;2001
1_1_LT05_172073_20010603;1_1_LT05_172073_20010603;6;2001
1_1_LT05_172073_20010619;1_1_LT05_172073_20010619;6;2001
1_1_LT05_172073_20031116;1_1_LT05_172073_20031116;11;2003
1_1_LT05_172073_20040204;1_1_LT05_172073_20040204;2;2004
1_1_LT05_172073_20040307;1_1_LT05_172073_20040307;3;2004
1_1_LT05_172073_20040424;1_1_LT05_172073_20040424;4;2004
1_1_LT05_172073_20040510;1_1_LT05_172073_20040510;5;2004
1_1_LT05_172073_20040526;1_1_LT05_172073_20040526;5;2004
1_1_LT05_172073_20040611;1_1_LT05_172073_20040611;6;2004
1_1_LT05_172073_20040627;1_1_LT05_172073_20040627;6;2004
1_1_LT05_172073_20040713;1_1_LT05_172073_20040713;7;2004
1_1_LT05_172073_20050206;1_1_LT05_172073_20050206;2;2005
1_1_LT05_172073_20050310;1_1_LT05_172073_20050310;3;2005
1_1_LT05_172073_20050427;1_1_LT05_172073_20050427;4;2005
1_1_LT05_172073_20050614;1_1_LT05_172073_20050614;6;2005
1_1_LT05_172073_20050716;1_1_LT05_172073_20050716;7;2005
1_1_LT05_172073_20050817;1_1_LT05_172073_20050817;8;2005
1_1_LT05_172073_20050902;1_1_LT05_172073_20050902;9;2005
1_1_LT05_172073_20050918;1_1_LT05_172073_20050918;9;2005
1_1_LT05_172073_20051004;1_1_LT05_172073_20051004;10;2005
1_1_LT05_172073_20060414;1_1_LT05_172073_20060414;4;2006
1_1_LT05_172073_20060430;1_1_LT05_172073_20060430;4;2006
1_1_LT05_172073_20060703;1_1_LT05_172073_20060703;7;2006
1_1_LT05_172073_20060719;1_1_LT05_172073_20060719;7;2006
1_1_LT05_172073_20061108;1_1_LT05_172073_20061108;11;2006
1_1_LT05_172073_20070127;1_1_LT05_172073_20070127;1;2007
1_1_LT05_172073_20070316;1_1_LT05_172073_20070316;3;2007
1_1_LT05_172073_20070620;1_1_LT05_172073_20070620;6;2007
1_1_LT05_172073_20070706;1_1_LT05_172073_20070706;7;2007
1_1_LT05_172073_20070722;1_1_LT05_172073_20070722;7;2007
1_1_LT05_172073_20070807;1_1_LT05_172073_20070807;8;2007
1_1_LT05_172073_20070908;1_1_LT05_172073_20070908;9;2007
1_1_LT05_172073_20070924;1_1_LT05_172073_20070924;9;2007
1_1_LT05_172073_20080114;1_1_LT05_172073_20080114;1;2008
1_1_LT05_172073_20080302;1_1_LT05_172073_20080302;3;2008
1_1_LT05_172073_20080318;1_1_LT05_172073_20080318;3;2008
1_1_LT05_172073_20080505;1_1_LT05_172073_20080505;5;2008
1_1_LT05_172073_20080809;1_1_LT05_172073_20080809;8;2008
1_1_LT05_172073_20080825;1_1_LT05_172073_20080825;8;2008
1_1_LT05_172073_20080926;1_1_LT05_172073_20080926;9;2008
1_1_LT05_172073_20090321;1_1_LT05_172073_20090321;3;2009
1_1_LT05_172073_20090524;1_1_LT05_172073_20090524;5;2009
1_1_LT05_172073_20091116;1_1_LT05_172073_20091116;11;2009
1_1_LT05_172073_20091202;1_1_LT05_172073_20091202;12;2009
1_1_LT05_172073_20091218;1_1_LT05_172073_20091218;12;2009
1_1_LT05_172073_20100119;1_1_LT05_172073_20100119;1;2010
1_1_LT05_172073_20100204;1_1_LT05_172073_20100204;2;2010
1_1_LT05_172073_20100220;1_1_LT05_172073_20100220;2;2010
1_1_LT05_172073_20100324;1_1_LT05_172073_20100324;3;2010
1_1_LT05_172073_20100409;1_1_LT05_172073_20100409;4;2010
1_1_LT05_172073_20110207;1_1_LT05_172073_20110207;2;2011
1_1_LT05_172073_20110311;1_1_LT05_172073_20110311;3;2011
1_1_LT05_172074_19860407;1_1_LT05_172074_19860407;4;1986
1_1_LT05_172074_19860525;1_1_LT05_172074_19860525;5;1986
1_1_LT05_172074_19861117;1_1_LT05_172074_19861117;11;1986
1_1_LT05_172074_19861203;1_1_LT05_172074_19861203;12;1986
1_1_LT05_172074_19861219;1_1_LT05_172074_19861219;12;1986
1_1_LT05_172074_19870104;1_1_LT05_172074_19870104;1;1987
1_1_LT05_172074_19870221;1_1_LT05_172074_19870221;2;1987
1_1_LT05_172074_19890330;1_1_LT05_172074_19890330;3;1989
1_1_LT05_172074_19890618;1_1_LT05_172074_19890618;6;1989
1_1_LT05_172074_19890821;1_1_LT05_172074_19890821;8;1989
1_1_LT05_172074_19890922;1_1_LT05_172074_19890922;9;1989
1_1_LT05_172074_19891125;1_1_LT05_172074_19891125;11;1989
1_1_LT05_172074_19891211;1_1_LT05_172074_19891211;12;1989
1_1_LT05_172074_19900301;1_1_LT05_172074_19900301;3;1990
1_1_LT05_172074_19900317;1_1_LT05_172074_19900317;3;1990
1_1_LT05_172074_19900402;1_1_LT05_172074_19900402;4;1990
1_1_LT05_172074_19900418;1_1_LT05_172074_19900418;4;1990
1_1_LT05_172074_19900504;1_1_LT05_172074_19900504;5;1990
1_1_LT05_172074_19900605;1_1_LT05_172074_19900605;6;1990
1_1_LT05_172074_19900621;1_1_LT05_172074_19900621;6;1990
1_1_LT05_172074_19900723;1_1_LT05_172074_19900723;7;1990
1_1_LT05_172074_19900925;1_1_LT05_172074_19900925;9;1990
1_1_LT05_172074_19901011;1_1_LT05_172074_19901011;10;1990
1_1_LT05_172074_19901027;1_1_LT05_172074_19901027;10;1990
1_1_LT05_172074_19901128;1_1_LT05_172074_19901128;11;1990
1_1_LT05_172074_19901230;1_1_LT05_172074_19901230;12;1990
1_1_LT05_172074_19910304;1_1_LT05_172074_19910304;3;1991
1_1_LT05_172074_19910320;1_1_LT05_172074_19910320;3;1991
1_1_LT05_172074_19910405;1_1_LT05_172074_19910405;4;1991
1_1_LT05_172074_19910421;1_1_LT05_172074_19910421;4;1991
1_1_LT05_172074_19910624;1_1_LT05_172074_19910624;6;1991
1_1_LT05_172074_19910710;1_1_LT05_172074_19910710;7;1991
1_1_LT05_172074_19910726;1_1_LT05_172074_19910726;7;1991
1_1_LT05_172074_19910811;1_1_LT05_172074_19910811;8;1991
1_1_LT05_172074_19910827;1_1_LT05_172074_19910827;8;1991
1_1_LT05_172074_19910928;1_1_LT05_172074_19910928;9;1991
1_1_LT05_172074_19911030;1_1_LT05_172074_19911030;10;1991
1_1_LT05_172074_19911115;1_1_LT05_172074_19911115;11;1991
1_1_LT05_172074_19920407;1_1_LT05_172074_19920407;4;1992
1_1_LT05_172074_19920626;1_1_LT05_172074_19920626;6;1992
1_1_LT05_172074_19920829;1_1_LT05_172074_19920829;8;1992
1_1_LT05_172074_19920914;1_1_LT05_172074_19920914;9;1992
1_1_LT05_172074_19921203;1_1_LT05_172074_19921203;12;1992
1_1_LT05_172074_19921219;1_1_LT05_172074_19921219;12;1992
1_1_LT05_172074_19930120;1_1_LT05_172074_19930120;1;1993
1_1_LT05_172074_19930528;1_1_LT05_172074_19930528;5;1993
1_1_LT05_172074_19930613;1_1_LT05_172074_19930613;6;1993
1_1_LT05_172074_19930816;1_1_LT05_172074_19930816;8;1993
1_1_LT05_172074_19930901;1_1_LT05_172074_19930901;9;1993
1_1_LT05_172074_19930917;1_1_LT05_172074_19930917;9;1993
1_1_LT05_172074_19931206;1_1_LT05_172074_19931206;12;1993
1_1_LT05_172074_19940328;1_1_LT05_172074_19940328;3;1994
1_1_LT05_172074_19940515;1_1_LT05_172074_19940515;5;1994
1_1_LT05_172074_19940803;1_1_LT05_172074_19940803;8;1994
1_1_LT05_172074_19940819;1_1_LT05_172074_19940819;8;1994
1_1_LT05_172074_19941123;1_1_LT05_172074_19941123;11;1994
1_1_LT05_172074_19941209;1_1_LT05_172074_19941209;12;1994
1_1_LT05_172074_19950110;1_1_LT05_172074_19950110;1;1995
1_1_LT05_172074_19950126;1_1_LT05_172074_19950126;1;1995
1_1_LT05_172074_19950211;1_1_LT05_172074_19950211;2;1995
1_1_LT05_172074_19950227;1_1_LT05_172074_19950227;2;1995
1_1_LT05_172074_19950315;1_1_LT05_172074_19950315;3;1995
1_1_LT05_172074_19950331;1_1_LT05_172074_19950331;3;1995
1_1_LT05_172074_19950518;1_1_LT05_172074_19950518;5;1995
1_1_LT05_172074_19950603;1_1_LT05_172074_19950603;6;1995
1_1_LT05_172074_19950619;1_1_LT05_172074_19950619;6;1995
1_1_LT05_172074_19950705;1_1_LT05_172074_19950705;7;1995
1_1_LT05_172074_19950822;1_1_LT05_172074_19950822;8;1995
1_1_LT05_172074_19950907;1_1_LT05_172074_19950907;9;1995
1_1_LT05_172074_19960723;1_1_LT05_172074_19960723;7;1996
1_1_LT05_172074_19960808;1_1_LT05_172074_19960808;8;1996
1_1_LT05_172074_19960909;1_1_LT05_172074_19960909;9;1996
1_1_LT05_172074_19960925;1_1_LT05_172074_19960925;9;1996
1_1_LT05_172074_19961011;1_1_LT05_172074_19961011;10;1996
1_1_LT05_172074_19961214;1_1_LT05_172074_19961214;12;1996
1_1_LT05_172074_19970115;1_1_LT05_172074_19970115;1;1997
1_1_LT05_172074_19970131;1_1_LT05_172074_19970131;1;1997
1_1_LT05_172074_19970624;1_1_LT05_172074_19970624;6;1997
1_1_LT05_172074_19970811;1_1_LT05_172074_19970811;8;1997
1_1_LT05_172074_19970827;1_1_LT05_172074_19970827;8;1997
1_1_LT05_172074_19971014;1_1_LT05_172074_19971014;10;1997
1_1_LT05_172074_19971030;1_1_LT05_172074_19971030;10;1997
1_1_LT05_172074_19971217;1_1_LT05_172074_19971217;12;1997
1_1_LT05_172074_19980203;1_1_LT05_172074_19980203;2;1998
1_1_LT05_172074_19980424;1_1_LT05_172074_19980424;4;1998
1_1_LT05_172074_19980510;1_1_LT05_172074_19980510;5;1998
1_1_LT05_172074_19980526;1_1_LT05_172074_19980526;5;1998
1_1_LT05_172074_19980611;1_1_LT05_172074_19980611;6;1998
1_1_LT05_172074_19980627;1_1_LT05_172074_19980627;6;1998
1_1_LT05_172074_19980729;1_1_LT05_172074_19980729;7;1998
1_1_LT05_172074_19980814;1_1_LT05_172074_19980814;8;1998
1_1_LT05_172074_19980830;1_1_LT05_172074_19980830;8;1998
1_1_LT05_172074_19980915;1_1_LT05_172074_19980915;9;1998
1_1_LT05_172074_19981220;1_1_LT05_172074_19981220;12;1998
1_1_LT05_172074_19990105;1_1_LT05_172074_19990105;1;1999
1_1_LT05_172074_19990121;1_1_LT05_172074_19990121;1;1999
1_1_LT05_172074_19990206;1_1_LT05_172074_19990206;2;1999
1_1_LT05_172074_19990222;1_1_LT05_172074_19990222;2;1999
1_1_LT05_172074_19990310;1_1_LT05_172074_19990310;3;1999
1_1_LT05_172074_19990326;1_1_LT05_172074_19990326;3;1999
1_1_LT05_172074_19990411;1_1_LT05_172074_19990411;4;1999
1_1_LT05_172074_19990902;1_1_LT05_172074_19990902;9;1999
1_1_LT05_172074_20000124;1_1_LT05_172074_20000124;1;2000
1_1_LT05_172074_20000312;1_1_LT05_172074_20000312;3;2000
1_1_LT05_172074_20000819;1_1_LT05_172074_20000819;8;2000
1_1_LT05_172074_20000920;1_1_LT05_172074_20000920;9;2000
1_1_LT05_172074_20001225;1_1_LT05_172074_20001225;12;2000
1_1_LT05_172074_20010110;1_1_LT05_172074_20010110;1;2001
1_1_LT05_172074_20010315;1_1_LT05_172074_20010315;3;2001
1_1_LT05_172074_20010603;1_1_LT05_172074_20010603;6;2001
1_1_LT05_172074_20010619;1_1_LT05_172074_20010619;6;2001
1_1_LT05_172074_20031116;1_1_LT05_172074_20031116;11;2003
1_1_LT05_172074_20040204;1_1_LT05_172074_20040204;2;2004
1_1_LT05_172074_20040307;1_1_LT05_172074_20040307;3;2004
1_1_LT05_172074_20040424;1_1_LT05_172074_20040424;4;2004
1_1_LT05_172074_20040510;1_1_LT05_172074_20040510;5;2004
1_1_LT05_172074_20040526;1_1_LT05_172074_20040526;5;2004
1_1_LT05_172074_20040611;1_1_LT05_172074_20040611;6;2004
1_1_LT05_172074_20040627;1_1_LT05_172074_20040627;6;2004
1_1_LT05_172074_20040713;1_1_LT05_172074_20040713;7;2004
1_1_LT05_172074_20050206;1_1_LT05_172074_20050206;2;2005
1_1_LT05_172074_20050310;1_1_LT05_172074_20050310;3;2005
1_1_LT05_172074_20050427;1_1_LT05_172074_20050427;4;2005
1_1_LT05_172074_20050614;1_1_LT05_172074_20050614;6;2005
1_1_LT05_172074_20050716;1_1_LT05_172074_20050716;7;2005
1_1_LT05_172074_20050817;1_1_LT05_172074_20050817;8;2005
1_1_LT05_172074_20050902;1_1_LT05_172074_20050902;9;2005
1_1_LT05_172074_20050918;1_1_LT05_172074_20050918;9;2005
1_1_LT05_172074_20051004;1_1_LT05_172074_20051004;10;2005
1_1_LT05_172074_20060414;1_1_LT05_172074_20060414;4;2006
1_1_LT05_172074_20060430;1_1_LT05_172074_20060430;4;2006
1_1_LT05_172074_20060703;1_1_LT05_172074_20060703;7;2006
1_1_LT05_172074_20060719;1_1_LT05_172074_20060719;7;2006
1_1_LT05_172074_20061108;1_1_LT05_172074_20061108;11;2006
1_1_LT05_172074_20070127;1_1_LT05_172074_20070127;1;2007
1_1_LT05_172074_20070316;1_1_LT05_172074_20070316;3;2007
1_1_LT05_172074_20070620;1_1_LT05_172074_20070620;6;2007
1_1_LT05_172074_20070706;1_1_LT05_172074_20070706;7;2007
1_1_LT05_172074_20070722;1_1_LT05_172074_20070722;7;2007
1_1_LT05_172074_20070807;1_1_LT05_172074_20070807;8;2007
1_1_LT05_172074_20070908;1_1_LT05_172074_20070908;9;2007
1_1_LT05_172074_20070924;1_1_LT05_172074_20070924;9;2007
1_1_LT05_172074_20080302;1_1_LT05_172074_20080302;3;2008
1_1_LT05_172074_20080318;1_1_LT05_172074_20080318;3;2008
1_1_LT05_172074_20080505;1_1_LT05_172074_20080505;5;2008
1_1_LT05_172074_20080825;1_1_LT05_172074_20080825;8;2008
1_1_LT05_172074_20080926;1_1_LT05_172074_20080926;9;2008
1_1_LT05_172074_20090321;1_1_LT05_172074_20090321;3;2009
1_1_LT05_172074_20090524;1_1_LT05_172074_20090524;5;2009
1_1_LT05_172074_20091116;1_1_LT05_172074_20091116;11;2009
1_1_LT05_172074_20091202;1_1_LT05_172074_20091202;12;2009
1_1_LT05_172074_20091218;1_1_LT05_172074_20091218;12;2009
1_1_LT05_172074_20100119;1_1_LT05_172074_20100119;1;2010
1_1_LT05_172074_20100204;1_1_LT05_172074_20100204;2;2010
1_1_LT05_172074_20100324;1_1_LT05_172074_20100324;3;2010
1_1_LT05_172074_20100409;1_1_LT05_172074_20100409;4;2010
1_1_LT05_172074_20110207;1_1_LT05_172074_20110207;2;2011
1_1_LT05_172074_20110311;1_1_LT05_172074_20110311;3;2011
1_1_LT05_173073_19850326;1_1_LT05_173073_19850326;3;1985
1_1_LT05_173073_19860414;1_1_LT05_173073_19860414;4;1986
1_1_LT05_173073_19860430;1_1_LT05_173073_19860430;4;1986
1_1_LT05_173073_19860516;1_1_LT05_173073_19860516;5;1986
1_1_LT05_173073_19861124;1_1_LT05_173073_19861124;11;1986
1_1_LT05_173073_19861226;1_1_LT05_173073_19861226;12;1986
1_1_LT05_173073_19870111;1_1_LT05_173073_19870111;1;1987
1_1_LT05_173073_19870127;1_1_LT05_173073_19870127;1;1987
1_1_LT05_173073_19870228;1_1_LT05_173073_19870228;2;1987
1_1_LT05_173073_19890116;1_1_LT05_173073_19890116;1;1989
1_1_LT05_173073_19890217;1_1_LT05_173073_19890217;2;1989
1_1_LT05_173073_19890305;1_1_LT05_173073_19890305;3;1989
1_1_LT05_173073_19890321;1_1_LT05_173073_19890321;3;1989
1_1_LT05_173073_19890524;1_1_LT05_173073_19890524;5;1989
1_1_LT05_173073_19890609;1_1_LT05_173073_19890609;6;1989
1_1_LT05_173073_19890711;1_1_LT05_173073_19890711;7;1989
1_1_LT05_173073_19890727;1_1_LT05_173073_19890727;7;1989
1_1_LT05_173073_19890828;1_1_LT05_173073_19890828;8;1989
1_1_LT05_173073_19900308;1_1_LT05_173073_19900308;3;1990
1_1_LT05_173073_19900409;1_1_LT05_173073_19900409;4;1990
1_1_LT05_173073_19900425;1_1_LT05_173073_19900425;4;1990
1_1_LT05_173073_19900714;1_1_LT05_173073_19900714;7;1990
1_1_LT05_173073_19900730;1_1_LT05_173073_19900730;7;1990
1_1_LT05_173073_19900815;1_1_LT05_173073_19900815;8;1990
1_1_LT05_173073_19900831;1_1_LT05_173073_19900831;8;1990
1_1_LT05_173073_19900916;1_1_LT05_173073_19900916;9;1990
1_1_LT05_173073_19901103;1_1_LT05_173073_19901103;11;1990
1_1_LT05_173073_19901119;1_1_LT05_173073_19901119;11;1990
1_1_LT05_173073_19901205;1_1_LT05_173073_19901205;12;1990
1_1_LT05_173073_19910223;1_1_LT05_173073_19910223;2;1991
1_1_LT05_173073_19910311;1_1_LT05_173073_19910311;3;1991
1_1_LT05_173073_19910412;1_1_LT05_173073_19910412;4;1991
1_1_LT05_173073_19910514;1_1_LT05_173073_19910514;5;1991
1_1_LT05_173073_19910530;1_1_LT05_173073_19910530;5;1991
1_1_LT05_173073_19910701;1_1_LT05_173073_19910701;7;1991
1_1_LT05_173073_19910717;1_1_LT05_173073_19910717;7;1991
1_1_LT05_173073_19910802;1_1_LT05_173073_19910802;8;1991
1_1_LT05_173073_19911106;1_1_LT05_173073_19911106;11;1991
1_1_LT05_173073_19920109;1_1_LT05_173073_19920109;1;1992
1_1_LT05_173073_19920125;1_1_LT05_173073_19920125;1;1992
1_1_LT05_173073_19920210;1_1_LT05_173073_19920210;2;1992
1_1_LT05_173073_19920414;1_1_LT05_173073_19920414;4;1992
1_1_LT05_173073_19920617;1_1_LT05_173073_19920617;6;1992
1_1_LT05_173073_19920703;1_1_LT05_173073_19920703;7;1992
1_1_LT05_173073_19920804;1_1_LT05_173073_19920804;8;1992
1_1_LT05_173073_19920820;1_1_LT05_173073_19920820;8;1992
1_1_LT05_173073_19920905;1_1_LT05_173073_19920905;9;1992
1_1_LT05_173073_19930228;1_1_LT05_173073_19930228;2;1993
1_1_LT05_173073_19930503;1_1_LT05_173073_19930503;5;1993
1_1_LT05_173073_19930604;1_1_LT05_173073_19930604;6;1993
1_1_LT05_173073_19930823;1_1_LT05_173073_19930823;8;1993
1_1_LT05_173073_19930908;1_1_LT05_173073_19930908;9;1993
1_1_LT05_173073_19940130;1_1_LT05_173073_19940130;1;1994
1_1_LT05_173073_19940506;1_1_LT05_173073_19940506;5;1994
1_1_LT05_173073_19940522;1_1_LT05_173073_19940522;5;1994
1_1_LT05_173073_19940725;1_1_LT05_173073_19940725;7;1994
1_1_LT05_173073_19940810;1_1_LT05_173073_19940810;8;1994
1_1_LT05_173073_19941029;1_1_LT05_173073_19941029;10;1994
1_1_LT05_173073_19941216;1_1_LT05_173073_19941216;12;1994
1_1_LT05_173073_19950101;1_1_LT05_173073_19950101;1;1995
1_1_LT05_173073_19950117;1_1_LT05_173073_19950117;1;1995
1_1_LT05_173073_19950202;1_1_LT05_173073_19950202;2;1995
1_1_LT05_173073_19950218;1_1_LT05_173073_19950218;2;1995
1_1_LT05_173073_19950306;1_1_LT05_173073_19950306;3;1995
1_1_LT05_173073_19950322;1_1_LT05_173073_19950322;3;1995
1_1_LT05_173073_19950610;1_1_LT05_173073_19950610;6;1995
1_1_LT05_173073_19950626;1_1_LT05_173073_19950626;6;1995
1_1_LT05_173073_19950712;1_1_LT05_173073_19950712;7;1995
1_1_LT05_173073_19950728;1_1_LT05_173073_19950728;7;1995
1_1_LT05_173073_19950813;1_1_LT05_173073_19950813;8;1995
1_1_LT05_173073_19950930;1_1_LT05_173073_19950930;9;1995
1_1_LT05_173073_19960120;1_1_LT05_173073_19960120;1;1996
1_1_LT05_173073_19960409;1_1_LT05_173073_19960409;4;1996
1_1_LT05_173073_19960612;1_1_LT05_173073_19960612;6;1996
1_1_LT05_173073_19960628;1_1_LT05_173073_19960628;6;1996
1_1_LT05_173073_19960831;1_1_LT05_173073_19960831;8;1996
1_1_LT05_173073_19961018;1_1_LT05_173073_19961018;10;1996
1_1_LT05_173073_19970122;1_1_LT05_173073_19970122;1;1997
1_1_LT05_173073_19970701;1_1_LT05_173073_19970701;7;1997
1_1_LT05_173073_19970802;1_1_LT05_173073_19970802;8;1997
1_1_LT05_173073_19970818;1_1_LT05_173073_19970818;8;1997
1_1_LT05_173073_19980210;1_1_LT05_173073_19980210;2;1998
1_1_LT05_173073_19980415;1_1_LT05_173073_19980415;4;1998
1_1_LT05_173073_19980602;1_1_LT05_173073_19980602;6;1998
1_1_LT05_173073_19980704;1_1_LT05_173073_19980704;7;1998
1_1_LT05_173073_19980906;1_1_LT05_173073_19980906;9;1998
1_1_LT05_173073_19981008;1_1_LT05_173073_19981008;10;1998
1_1_LT05_173073_19981024;1_1_LT05_173073_19981024;10;1998
1_1_LT05_173073_19981125;1_1_LT05_173073_19981125;11;1998
1_1_LT05_173073_19990128;1_1_LT05_173073_19990128;1;1999
1_1_LT05_173073_19990213;1_1_LT05_173073_19990213;2;1999
1_1_LT05_173073_19990520;1_1_LT05_173073_19990520;5;1999
1_1_LT05_173073_20000623;1_1_LT05_173073_20000623;6;2000
1_1_LT05_173073_20000709;1_1_LT05_173073_20000709;7;2000
1_1_LT05_173073_20000810;1_1_LT05_173073_20000810;8;2000
1_1_LT05_173073_20000826;1_1_LT05_173073_20000826;8;2000
1_1_LT05_173073_20001216;1_1_LT05_173073_20001216;12;2000
1_1_LT05_173073_20010202;1_1_LT05_173073_20010202;2;2001
1_1_LT05_173073_20010218;1_1_LT05_173073_20010218;2;2001
1_1_LT05_173073_20010813;1_1_LT05_173073_20010813;8;2001
1_1_LT05_173073_20031107;1_1_LT05_173073_20031107;11;2003
1_1_LT05_173073_20031123;1_1_LT05_173073_20031123;11;2003
1_1_LT05_173073_20040330;1_1_LT05_173073_20040330;3;2004
1_1_LT05_173073_20040602;1_1_LT05_173073_20040602;6;2004
1_1_LT05_173073_20040618;1_1_LT05_173073_20040618;6;2004
1_1_LT05_173073_20040704;1_1_LT05_173073_20040704;7;2004
1_1_LT05_173073_20040805;1_1_LT05_173073_20040805;8;2004
1_1_LT05_173073_20040906;1_1_LT05_173073_20040906;9;2004
1_1_LT05_173073_20040922;1_1_LT05_173073_20040922;9;2004
1_1_LT05_173073_20050213;1_1_LT05_173073_20050213;2;2005
1_1_LT05_173073_20050621;1_1_LT05_173073_20050621;6;2005
1_1_LT05_173073_20050909;1_1_LT05_173073_20050909;9;2005
1_1_LT05_173073_20051112;1_1_LT05_173073_20051112;11;2005
1_1_LT05_173073_20060405;1_1_LT05_173073_20060405;4;2006
1_1_LT05_173073_20060523;1_1_LT05_173073_20060523;5;2006
1_1_LT05_173073_20060608;1_1_LT05_173073_20060608;6;2006
1_1_LT05_173073_20060624;1_1_LT05_173073_20060624;6;2006
1_1_LT05_173073_20060710;1_1_LT05_173073_20060710;7;2006
1_1_LT05_173073_20060811;1_1_LT05_173073_20060811;8;2006
1_1_LT05_173073_20060827;1_1_LT05_173073_20060827;8;2006
1_1_LT05_173073_20060912;1_1_LT05_173073_20060912;9;2006
1_1_LT05_173073_20061115;1_1_LT05_173073_20061115;11;2006
1_1_LT05_173073_20070219;1_1_LT05_173073_20070219;2;2007
1_1_LT05_173073_20070307;1_1_LT05_173073_20070307;3;2007
1_1_LT05_173073_20070424;1_1_LT05_173073_20070424;4;2007
1_1_LT05_173073_20070627;1_1_LT05_173073_20070627;6;2007
1_1_LT05_173073_20070729;1_1_LT05_173073_20070729;7;2007
1_1_LT05_173073_20080206;1_1_LT05_173073_20080206;2;2008
1_1_LT05_173073_20080222;1_1_LT05_173073_20080222;2;2008
1_1_LT05_173073_20080309;1_1_LT05_173073_20080309;3;2008
1_1_LT05_173073_20080325;1_1_LT05_173073_20080325;3;2008
1_1_LT05_173073_20080410;1_1_LT05_173073_20080410;4;2008
1_1_LT05_173073_20080512;1_1_LT05_173073_20080512;5;2008
1_1_LT05_173073_20080901;1_1_LT05_173073_20080901;9;2008
1_1_LT05_173073_20080917;1_1_LT05_173073_20080917;9;2008
1_1_LT05_173073_20090531;1_1_LT05_173073_20090531;5;2009
1_1_LT05_173073_20091107;1_1_LT05_173073_20091107;11;2009
1_1_LT05_173073_20091209;1_1_LT05_173073_20091209;12;2009
1_1_LT05_173073_20100126;1_1_LT05_173073_20100126;1;2010
1_1_LT05_173073_20100331;1_1_LT05_173073_20100331;3;2010
1_1_LT05_173073_20100518;1_1_LT05_173073_20100518;5;2010
1_1_LT05_173073_20110302;1_1_LT05_173073_20110302;3;2011
1_1_LT05_173073_20110318;1_1_LT05_173073_20110318;3;2011
1_1_LT05_173073_20111113;1_1_LT05_173073_20111113;11;2011
1_1_LT05_173074_19850326;1_1_LT05_173074_19850326;3;1985
1_1_LT05_173074_19860414;1_1_LT05_173074_19860414;4;1986
1_1_LT05_173074_19860430;1_1_LT05_173074_19860430;4;1986
1_1_LT05_173074_19860516;1_1_LT05_173074_19860516;5;1986
1_1_LT05_173074_19861124;1_1_LT05_173074_19861124;11;1986
1_1_LT05_173074_19861210;1_1_LT05_173074_19861210;12;1986
1_1_LT05_173074_19861226;1_1_LT05_173074_19861226;12;1986
1_1_LT05_173074_19870111;1_1_LT05_173074_19870111;1;1987
1_1_LT05_173074_19870127;1_1_LT05_173074_19870127;1;1987
1_1_LT05_173074_19890116;1_1_LT05_173074_19890116;1;1989
1_1_LT05_173074_19890305;1_1_LT05_173074_19890305;3;1989
1_1_LT05_173074_19890321;1_1_LT05_173074_19890321;3;1989
1_1_LT05_173074_19890524;1_1_LT05_173074_19890524;5;1989
1_1_LT05_173074_19890609;1_1_LT05_173074_19890609;6;1989
1_1_LT05_173074_19890711;1_1_LT05_173074_19890711;7;1989
1_1_LT05_173074_19890727;1_1_LT05_173074_19890727;7;1989
1_1_LT05_173074_19890828;1_1_LT05_173074_19890828;8;1989
1_1_LT05_173074_19890929;1_1_LT05_173074_19890929;9;1989
1_1_LT05_173074_19900308;1_1_LT05_173074_19900308;3;1990
1_1_LT05_173074_19900409;1_1_LT05_173074_19900409;4;1990
1_1_LT05_173074_19900425;1_1_LT05_173074_19900425;4;1990
1_1_LT05_173074_19900527;1_1_LT05_173074_19900527;5;1990
1_1_LT05_173074_19900714;1_1_LT05_173074_19900714;7;1990
1_1_LT05_173074_19900730;1_1_LT05_173074_19900730;7;1990
1_1_LT05_173074_19900815;1_1_LT05_173074_19900815;8;1990
1_1_LT05_173074_19900831;1_1_LT05_173074_19900831;8;1990
1_1_LT05_173074_19900916;1_1_LT05_173074_19900916;9;1990
1_1_LT05_173074_19901103;1_1_LT05_173074_19901103;11;1990
1_1_LT05_173074_19901119;1_1_LT05_173074_19901119;11;1990
1_1_LT05_173074_19901205;1_1_LT05_173074_19901205;12;1990
1_1_LT05_173074_19901221;1_1_LT05_173074_19901221;12;1990
1_1_LT05_173074_19910106;1_1_LT05_173074_19910106;1;1991
1_1_LT05_173074_19910223;1_1_LT05_173074_19910223;2;1991
1_1_LT05_173074_19910311;1_1_LT05_173074_19910311;3;1991
1_1_LT05_173074_19910327;1_1_LT05_173074_19910327;3;1991
1_1_LT05_173074_19910412;1_1_LT05_173074_19910412;4;1991
1_1_LT05_173074_19910514;1_1_LT05_173074_19910514;5;1991
1_1_LT05_173074_19910530;1_1_LT05_173074_19910530;5;1991
1_1_LT05_173074_19910701;1_1_LT05_173074_19910701;7;1991
1_1_LT05_173074_19910717;1_1_LT05_173074_19910717;7;1991
1_1_LT05_173074_19910802;1_1_LT05_173074_19910802;8;1991
1_1_LT05_173074_19911106;1_1_LT05_173074_19911106;11;1991
1_1_LT05_173074_19920109;1_1_LT05_173074_19920109;1;1992
1_1_LT05_173074_19920125;1_1_LT05_173074_19920125;1;1992
1_1_LT05_173074_19920210;1_1_LT05_173074_19920210;2;1992
1_1_LT05_173074_19920414;1_1_LT05_173074_19920414;4;1992
1_1_LT05_173074_19920617;1_1_LT05_173074_19920617;6;1992
1_1_LT05_173074_19920703;1_1_LT05_173074_19920703;7;1992
1_1_LT05_173074_19920804;1_1_LT05_173074_19920804;8;1992
1_1_LT05_173074_19920820;1_1_LT05_173074_19920820;8;1992
1_1_LT05_173074_19920905;1_1_LT05_173074_19920905;9;1992
1_1_LT05_173074_19930127;1_1_LT05_173074_19930127;1;1993
1_1_LT05_173074_19930228;1_1_LT05_173074_19930228;2;1993
1_1_LT05_173074_19930503;1_1_LT05_173074_19930503;5;1993
1_1_LT05_173074_19930604;1_1_LT05_173074_19930604;6;1993
1_1_LT05_173074_19930823;1_1_LT05_173074_19930823;8;1993
1_1_LT05_173074_19930908;1_1_LT05_173074_19930908;9;1993
1_1_LT05_173074_19931010;1_1_LT05_173074_19931010;10;1993
1_1_LT05_173074_19940404;1_1_LT05_173074_19940404;4;1994
1_1_LT05_173074_19940506;1_1_LT05_173074_19940506;5;1994
1_1_LT05_173074_19940522;1_1_LT05_173074_19940522;5;1994
1_1_LT05_173074_19940725;1_1_LT05_173074_19940725;7;1994
1_1_LT05_173074_19940810;1_1_LT05_173074_19940810;8;1994
1_1_LT05_173074_19940826;1_1_LT05_173074_19940826;8;1994
1_1_LT05_173074_19941114;1_1_LT05_173074_19941114;11;1994
1_1_LT05_173074_19941216;1_1_LT05_173074_19941216;12;1994
1_1_LT05_173074_19950101;1_1_LT05_173074_19950101;1;1995
1_1_LT05_173074_19950117;1_1_LT05_173074_19950117;1;1995
1_1_LT05_173074_19950202;1_1_LT05_173074_19950202;2;1995
1_1_LT05_173074_19950218;1_1_LT05_173074_19950218;2;1995
1_1_LT05_173074_19950306;1_1_LT05_173074_19950306;3;1995
1_1_LT05_173074_19950322;1_1_LT05_173074_19950322;3;1995
1_1_LT05_173074_19950610;1_1_LT05_173074_19950610;6;1995
1_1_LT05_173074_19950626;1_1_LT05_173074_19950626;6;1995
1_1_LT05_173074_19950712;1_1_LT05_173074_19950712;7;1995
1_1_LT05_173074_19950728;1_1_LT05_173074_19950728;7;1995
1_1_LT05_173074_19950813;1_1_LT05_173074_19950813;8;1995
1_1_LT05_173074_19950930;1_1_LT05_173074_19950930;9;1995
1_1_LT05_173074_19960120;1_1_LT05_173074_19960120;1;1996
1_1_LT05_173074_19960409;1_1_LT05_173074_19960409;4;1996
1_1_LT05_173074_19960628;1_1_LT05_173074_19960628;6;1996
1_1_LT05_173074_19960831;1_1_LT05_173074_19960831;8;1996
1_1_LT05_173074_19960916;1_1_LT05_173074_19960916;9;1996
1_1_LT05_173074_19961018;1_1_LT05_173074_19961018;10;1996
1_1_LT05_173074_19970106;1_1_LT05_173074_19970106;1;1997
1_1_LT05_173074_19970122;1_1_LT05_173074_19970122;1;1997
1_1_LT05_173074_19970701;1_1_LT05_173074_19970701;7;1997
1_1_LT05_173074_19970802;1_1_LT05_173074_19970802;8;1997
1_1_LT05_173074_19970818;1_1_LT05_173074_19970818;8;1997
1_1_LT05_173074_19980125;1_1_LT05_173074_19980125;1;1998
1_1_LT05_173074_19980210;1_1_LT05_173074_19980210;2;1998
1_1_LT05_173074_19980415;1_1_LT05_173074_19980415;4;1998
1_1_LT05_173074_19980602;1_1_LT05_173074_19980602;6;1998
1_1_LT05_173074_19980704;1_1_LT05_173074_19980704;7;1998
1_1_LT05_173074_19980906;1_1_LT05_173074_19980906;9;1998
1_1_LT05_173074_19981008;1_1_LT05_173074_19981008;10;1998
1_1_LT05_173074_19981024;1_1_LT05_173074_19981024;10;1998
1_1_LT05_173074_19990112;1_1_LT05_173074_19990112;1;1999
1_1_LT05_173074_19990128;1_1_LT05_173074_19990128;1;1999
1_1_LT05_173074_19990213;1_1_LT05_173074_19990213;2;1999
1_1_LT05_173074_19990520;1_1_LT05_173074_19990520;5;1999
1_1_LT05_173074_20000623;1_1_LT05_173074_20000623;6;2000
1_1_LT05_173074_20000709;1_1_LT05_173074_20000709;7;2000
1_1_LT05_173074_20000810;1_1_LT05_173074_20000810;8;2000
1_1_LT05_173074_20001013;1_1_LT05_173074_20001013;10;2000
1_1_LT05_173074_20001216;1_1_LT05_173074_20001216;12;2000
1_1_LT05_173074_20010202;1_1_LT05_173074_20010202;2;2001
1_1_LT05_173074_20010218;1_1_LT05_173074_20010218;2;2001
1_1_LT05_173074_20010813;1_1_LT05_173074_20010813;8;2001
1_1_LT05_173074_20031107;1_1_LT05_173074_20031107;11;2003
1_1_LT05_173074_20031123;1_1_LT05_173074_20031123;11;2003
1_1_LT05_173074_20031225;1_1_LT05_173074_20031225;12;2003
1_1_LT05_173074_20040602;1_1_LT05_173074_20040602;6;2004
1_1_LT05_173074_20040618;1_1_LT05_173074_20040618;6;2004
1_1_LT05_173074_20040704;1_1_LT05_173074_20040704;7;2004
1_1_LT05_173074_20040805;1_1_LT05_173074_20040805;8;2004
1_1_LT05_173074_20040906;1_1_LT05_173074_20040906;9;2004
1_1_LT05_173074_20040922;1_1_LT05_173074_20040922;9;2004
1_1_LT05_173074_20050621;1_1_LT05_173074_20050621;6;2005
1_1_LT05_173074_20050909;1_1_LT05_173074_20050909;9;2005
1_1_LT05_173074_20051112;1_1_LT05_173074_20051112;11;2005
1_1_LT05_173074_20060405;1_1_LT05_173074_20060405;4;2006
1_1_LT05_173074_20060523;1_1_LT05_173074_20060523;5;2006
1_1_LT05_173074_20060608;1_1_LT05_173074_20060608;6;2006
1_1_LT05_173074_20060624;1_1_LT05_173074_20060624;6;2006
1_1_LT05_173074_20060710;1_1_LT05_173074_20060710;7;2006
1_1_LT05_173074_20060811;1_1_LT05_173074_20060811;8;2006
1_1_LT05_173074_20060827;1_1_LT05_173074_20060827;8;2006
1_1_LT05_173074_20060912;1_1_LT05_173074_20060912;9;2006
1_1_LT05_173074_20061115;1_1_LT05_173074_20061115;11;2006
1_1_LT05_173074_20061217;1_1_LT05_173074_20061217;12;2006
1_1_LT05_173074_20070219;1_1_LT05_173074_20070219;2;2007
1_1_LT05_173074_20070307;1_1_LT05_173074_20070307;3;2007
1_1_LT05_173074_20070424;1_1_LT05_173074_20070424;4;2007
1_1_LT05_173074_20070627;1_1_LT05_173074_20070627;6;2007
1_1_LT05_173074_20070729;1_1_LT05_173074_20070729;7;2007
1_1_LT05_173074_20080222;1_1_LT05_173074_20080222;2;2008
1_1_LT05_173074_20080309;1_1_LT05_173074_20080309;3;2008
1_1_LT05_173074_20080325;1_1_LT05_173074_20080325;3;2008
1_1_LT05_173074_20080410;1_1_LT05_173074_20080410;4;2008
1_1_LT05_173074_20080901;1_1_LT05_173074_20080901;9;2008
1_1_LT05_173074_20080917;1_1_LT05_173074_20080917;9;2008
1_1_LT05_173074_20091107;1_1_LT05_173074_20091107;11;2009
1_1_LT05_173074_20091123;1_1_LT05_173074_20091123;11;2009
1_1_LT05_173074_20100126;1_1_LT05_173074_20100126;1;2010
1_1_LT05_173074_20100331;1_1_LT05_173074_20100331;3;2010
1_1_LT05_173074_20110302;1_1_LT05_173074_20110302;3;2011
1_1_LT05_173074_20110318;1_1_LT05_173074_20110318;3;2011
1_1_LT05_173074_20110419;1_1_LT05_173074_20110419;4;2011
1_2_LE07_171073_20120517;1_2_LE07_171073_20120517;5;2012
1_2_LE07_172073_20120101;1_2_LE07_172073_20120101;1;2012
1_2_LE07_172073_20120117;1_2_LE07_172073_20120117;1;2012
1_2_LE07_172073_20120202;1_2_LE07_172073_20120202;2;2012
1_2_LE07_172073_20120218;1_2_LE07_172073_20120218;2;2012
1_2_LE07_172073_20120305;1_2_LE07_172073_20120305;3;2012
1_2_LE07_172073_20120321;1_2_LE07_172073_20120321;3;2012
1_2_LE07_172073_20120406;1_2_LE07_172073_20120406;4;2012
1_2_LE07_172073_20120422;1_2_LE07_172073_20120422;4;2012
1_2_LE07_172073_20120508;1_2_LE07_172073_20120508;5;2012
1_2_LE07_172073_20120524;1_2_LE07_172073_20120524;5;2012
1_2_LE07_172073_20120609;1_2_LE07_172073_20120609;6;2012
1_2_LE07_172073_20120625;1_2_LE07_172073_20120625;6;2012
1_2_LE07_172073_20120727;1_2_LE07_172073_20120727;7;2012
1_2_LE07_172073_20120812;1_2_LE07_172073_20120812;8;2012
1_2_LE07_172073_20120828;1_2_LE07_172073_20120828;8;2012
1_2_LE07_172073_20120913;1_2_LE07_172073_20120913;9;2012
1_2_LE07_172073_20121031;1_2_LE07_172073_20121031;10;2012
1_2_LE07_172073_20121116;1_2_LE07_172073_20121116;11;2012
1_2_LE07_172073_20121202;1_2_LE07_172073_20121202;12;2012
1_2_LE07_172073_20121218;1_2_LE07_172073_20121218;12;2012
1_2_LE07_172073_20130103;1_2_LE07_172073_20130103;1;2013
1_2_LE07_172073_20130119;1_2_LE07_172073_20130119;1;2013
1_2_LE07_172073_20130204;1_2_LE07_172073_20130204;2;2013
1_2_LE07_172073_20130220;1_2_LE07_172073_20130220;2;2013
1_2_LE07_172074_20120101;1_2_LE07_172074_20120101;1;2012
1_2_LE07_172074_20120117;1_2_LE07_172074_20120117;1;2012
1_2_LE07_172074_20120202;1_2_LE07_172074_20120202;2;2012
1_2_LE07_172074_20120218;1_2_LE07_172074_20120218;2;2012
1_2_LE07_172074_20120305;1_2_LE07_172074_20120305;3;2012
1_2_LE07_172074_20120321;1_2_LE07_172074_20120321;3;2012
1_2_LE07_172074_20120406;1_2_LE07_172074_20120406;4;2012
1_2_LE07_172074_20120422;1_2_LE07_172074_20120422;4;2012
1_2_LE07_172074_20120508;1_2_LE07_172074_20120508;5;2012
1_2_LE07_172074_20120524;1_2_LE07_172074_20120524;5;2012
1_2_LE07_172074_20120609;1_2_LE07_172074_20120609;6;2012
1_2_LE07_172074_20120625;1_2_LE07_172074_20120625;6;2012
1_2_LE07_172074_20120727;1_2_LE07_172074_20120727;7;2012
1_2_LE07_172074_20120812;1_2_LE07_172074_20120812;8;2012
1_2_LE07_172074_20120828;1_2_LE07_172074_20120828;8;2012
1_2_LE07_172074_20120913;1_2_LE07_172074_20120913;9;2012
1_2_LE07_172074_20121031;1_2_LE07_172074_20121031;10;2012
1_2_LE07_172074_20121116;1_2_LE07_172074_20121116;11;2012
1_2_LE07_172074_20121218;1_2_LE07_172074_20121218;12;2012
1_2_LE07_172074_20130103;1_2_LE07_172074_20130103;1;2013
1_2_LE07_172074_20130119;1_2_LE07_172074_20130119;1;2013
1_2_LE07_172074_20130204;1_2_LE07_172074_20130204;2;2013
1_2_LE07_172074_20130220;1_2_LE07_172074_20130220;2;2013
1_2_LE07_173073_20120209;1_2_LE07_173073_20120209;2;2012
1_2_LE07_173073_20120225;1_2_LE07_173073_20120225;2;2012
1_2_LE07_173073_20120312;1_2_LE07_173073_20120312;3;2012
1_2_LE07_173073_20120429;1_2_LE07_173073_20120429;4;2012
1_2_LE07_173073_20120515;1_2_LE07_173073_20120515;5;2012
1_2_LE07_173073_20120531;1_2_LE07_173073_20120531;5;2012
1_2_LE07_173073_20120803;1_2_LE07_173073_20120803;8;2012
1_2_LE07_173073_20120819;1_2_LE07_173073_20120819;8;2012
1_2_LE07_173073_20120904;1_2_LE07_173073_20120904;9;2012
1_2_LE07_173073_20120920;1_2_LE07_173073_20120920;9;2012
1_2_LE07_173073_20121006;1_2_LE07_173073_20121006;10;2012
1_2_LE07_173073_20121022;1_2_LE07_173073_20121022;10;2012
1_2_LE07_173073_20121107;1_2_LE07_173073_20121107;11;2012
1_2_LE07_173073_20121209;1_2_LE07_173073_20121209;12;2012
1_2_LE07_173073_20121225;1_2_LE07_173073_20121225;12;2012
1_2_LE07_173073_20130110;1_2_LE07_173073_20130110;1;2013
1_2_LE07_173073_20130126;1_2_LE07_173073_20130126;1;2013
1_2_LE07_173073_20130227;1_2_LE07_173073_20130227;2;2013
1_2_LE07_173074_20120124;1_2_LE07_173074_20120124;1;2012
1_2_LE07_173074_20120209;1_2_LE07_173074_20120209;2;2012
1_2_LE07_173074_20120312;1_2_LE07_173074_20120312;3;2012
1_2_LE07_173074_20120429;1_2_LE07_173074_20120429;4;2012
1_2_LE07_173074_20120531;1_2_LE07_173074_20120531;5;2012
1_2_LE07_173074_20120803;1_2_LE07_173074_20120803;8;2012
1_2_LE07_173074_20120819;1_2_LE07_173074_20120819;8;2012
1_2_LE07_173074_20120904;1_2_LE07_173074_20120904;9;2012
1_2_LE07_173074_20120920;1_2_LE07_173074_20120920;9;2012
1_2_LE07_173074_20121006;1_2_LE07_173074_20121006;10;2012
1_2_LE07_173074_20121022;1_2_LE07_173074_20121022;10;2012
1_2_LE07_173074_20121107;1_2_LE07_173074_20121107;11;2012
1_2_LE07_173074_20121209;1_2_LE07_173074_20121209;12;2012
1_2_LE07_173074_20121225;1_2_LE07_173074_20121225;12;2012
1_2_LE07_173074_20130110;1_2_LE07_173074_20130110;1;2013
1_2_LE07_173074_20130126;1_2_LE07_173074_20130126;1;2013
1_2_LE07_173074_20130211;1_2_LE07_173074_20130211;2;2013
1_2_LE07_173074_20130227;1_2_LE07_173074_20130227;2;2013
2_LC08_172073_20130331;2_LC08_172073_20130331;3;2013
2_LC08_172073_20130410;2_LC08_172073_20130410;4;2013
2_LC08_172073_20130417;2_LC08_172073_20130417;4;2013
2_LC08_172073_20130503;2_LC08_172073_20130503;5;2013
2_LC08_172073_20130519;2_LC08_172073_20130519;5;2013
2_LC08_172073_20130604;2_LC08_172073_20130604;6;2013
2_LC08_172073_20130620;2_LC08_172073_20130620;6;2013
2_LC08_172073_20130706;2_LC08_172073_20130706;7;2013
2_LC08_172073_20130722;2_LC08_172073_20130722;7;2013
2_LC08_172073_20130807;2_LC08_172073_20130807;8;2013
2_LC08_172073_20130823;2_LC08_172073_20130823;8;2013
2_LC08_172073_20130908;2_LC08_172073_20130908;9;2013
2_LC08_172073_20130924;2_LC08_172073_20130924;9;2013
2_LC08_172073_20131010;2_LC08_172073_20131010;10;2013
2_LC08_172073_20131026;2_LC08_172073_20131026;10;2013
2_LC08_172073_20131111;2_LC08_172073_20131111;11;2013
2_LC08_172073_20131127;2_LC08_172073_20131127;11;2013
2_LC08_172073_20131213;2_LC08_172073_20131213;12;2013
2_LC08_172073_20131229;2_LC08_172073_20131229;12;2013
2_LC08_172073_20140114;2_LC08_172073_20140114;1;2014
2_LC08_172073_20140130;2_LC08_172073_20140130;1;2014
2_LC08_172073_20140215;2_LC08_172073_20140215;2;2014
2_LC08_172073_20140319;2_LC08_172073_20140319;3;2014
2_LC08_172073_20140404;2_LC08_172073_20140404;4;2014
2_LC08_172073_20140420;2_LC08_172073_20140420;4;2014
2_LC08_172073_20140506;2_LC08_172073_20140506;5;2014
2_LC08_172073_20140522;2_LC08_172073_20140522;5;2014
2_LC08_172073_20140607;2_LC08_172073_20140607;6;2014
2_LC08_172073_20140623;2_LC08_172073_20140623;6;2014
2_LC08_172073_20140709;2_LC08_172073_20140709;7;2014
2_LC08_172073_20140725;2_LC08_172073_20140725;7;2014
2_LC08_172073_20140810;2_LC08_172073_20140810;8;2014
2_LC08_172073_20140826;2_LC08_172073_20140826;8;2014
2_LC08_172073_20140911;2_LC08_172073_20140911;9;2014
2_LC08_172073_20140927;2_LC08_172073_20140927;9;2014
2_LC08_172073_20141013;2_LC08_172073_20141013;10;2014
2_LC08_172073_20141029;2_LC08_172073_20141029;10;2014
2_LC08_172073_20141114;2_LC08_172073_20141114;11;2014
2_LC08_172073_20141130;2_LC08_172073_20141130;11;2014
2_LC08_172073_20141216;2_LC08_172073_20141216;12;2014
2_LC08_172073_20150117;2_LC08_172073_20150117;1;2015
2_LC08_172073_20150202;2_LC08_172073_20150202;2;2015
2_LC08_172073_20150218;2_LC08_172073_20150218;2;2015
2_LC08_172073_20150306;2_LC08_172073_20150306;3;2015
2_LC08_172073_20150322;2_LC08_172073_20150322;3;2015
2_LC08_172073_20150423;2_LC08_172073_20150423;4;2015
2_LC08_172073_20150509;2_LC08_172073_20150509;5;2015
2_LC08_172073_20150525;2_LC08_172073_20150525;5;2015
2_LC08_172073_20150610;2_LC08_172073_20150610;6;2015
2_LC08_172073_20150626;2_LC08_172073_20150626;6;2015
2_LC08_172073_20150712;2_LC08_172073_20150712;7;2015
2_LC08_172073_20150728;2_LC08_172073_20150728;7;2015
2_LC08_172073_20150813;2_LC08_172073_20150813;8;2015
2_LC08_172073_20150829;2_LC08_172073_20150829;8;2015
2_LC08_172073_20150914;2_LC08_172073_20150914;9;2015
2_LC08_172073_20150930;2_LC08_172073_20150930;9;2015
2_LC08_172073_20151016;2_LC08_172073_20151016;10;2015
2_LC08_172073_20151101;2_LC08_172073_20151101;11;2015
2_LC08_172073_20151203;2_LC08_172073_20151203;12;2015
2_LC08_172073_20151219;2_LC08_172073_20151219;12;2015
2_LC08_172073_20160104;2_LC08_172073_20160104;1;2016
2_LC08_172073_20160120;2_LC08_172073_20160120;1;2016
2_LC08_172073_20160205;2_LC08_172073_20160205;2;2016
2_LC08_172073_20160221;2_LC08_172073_20160221;2;2016
2_LC08_172073_20160308;2_LC08_172073_20160308;3;2016
2_LC08_172073_20160324;2_LC08_172073_20160324;3;2016
2_LC08_172073_20160425;2_LC08_172073_20160425;4;2016
2_LC08_172073_20160511;2_LC08_172073_20160511;5;2016
2_LC08_172073_20160527;2_LC08_172073_20160527;5;2016
2_LC08_172073_20160612;2_LC08_172073_20160612;6;2016
2_LC08_172073_20160628;2_LC08_172073_20160628;6;2016
2_LC08_172073_20160714;2_LC08_172073_20160714;7;2016
2_LC08_172073_20160730;2_LC08_172073_20160730;7;2016
2_LC08_172073_20160815;2_LC08_172073_20160815;8;2016
2_LC08_172073_20160831;2_LC08_172073_20160831;8;2016
2_LC08_172073_20160916;2_LC08_172073_20160916;9;2016
2_LC08_172073_20161002;2_LC08_172073_20161002;10;2016
2_LC08_172073_20161018;2_LC08_172073_20161018;10;2016
2_LC08_172073_20161103;2_LC08_172073_20161103;11;2016
2_LC08_172073_20161119;2_LC08_172073_20161119;11;2016
2_LC08_172073_20161205;2_LC08_172073_20161205;12;2016
2_LC08_172073_20161221;2_LC08_172073_20161221;12;2016
2_LC08_172073_20170106;2_LC08_172073_20170106;1;2017
2_LC08_172073_20170122;2_LC08_172073_20170122;1;2017
2_LC08_172073_20170207;2_LC08_172073_20170207;2;2017
2_LC08_172073_20170223;2_LC08_172073_20170223;2;2017
2_LC08_172073_20170311;2_LC08_172073_20170311;3;2017
2_LC08_172073_20170327;2_LC08_172073_20170327;3;2017
2_LC08_172073_20170412;2_LC08_172073_20170412;4;2017
2_LC08_172073_20170428;2_LC08_172073_20170428;4;2017
2_LC08_172073_20170514;2_LC08_172073_20170514;5;2017
2_LC08_172073_20170530;2_LC08_172073_20170530;5;2017
2_LC08_172073_20170615;2_LC08_172073_20170615;6;2017
2_LC08_172073_20170701;2_LC08_172073_20170701;7;2017
2_LC08_172073_20170717;2_LC08_172073_20170717;7;2017
2_LC08_172073_20170802;2_LC08_172073_20170802;8;2017
2_LC08_172073_20170818;2_LC08_172073_20170818;8;2017
2_LC08_172073_20170903;2_LC08_172073_20170903;9;2017
2_LC08_172073_20170919;2_LC08_172073_20170919;9;2017
2_LC08_172073_20171005;2_LC08_172073_20171005;10;2017
2_LC08_172073_20171106;2_LC08_172073_20171106;11;2017
2_LC08_172073_20171122;2_LC08_172073_20171122;11;2017
2_LC08_172073_20171224;2_LC08_172073_20171224;12;2017
2_LC08_172073_20180109;2_LC08_172073_20180109;1;2018
2_LC08_172073_20180125;2_LC08_172073_20180125;1;2018
2_LC08_172073_20180210;2_LC08_172073_20180210;2;2018
2_LC08_172073_20180314;2_LC08_172073_20180314;3;2018
2_LC08_172073_20180330;2_LC08_172073_20180330;3;2018
2_LC08_172073_20180415;2_LC08_172073_20180415;4;2018
2_LC08_172073_20180501;2_LC08_172073_20180501;5;2018
2_LC08_172073_20180517;2_LC08_172073_20180517;5;2018
2_LC08_172073_20180602;2_LC08_172073_20180602;6;2018
2_LC08_172073_20180618;2_LC08_172073_20180618;6;2018
2_LC08_172073_20180704;2_LC08_172073_20180704;7;2018
2_LC08_172073_20180720;2_LC08_172073_20180720;7;2018
2_LC08_172073_20180805;2_LC08_172073_20180805;8;2018
2_LC08_172073_20180821;2_LC08_172073_20180821;8;2018
2_LC08_172073_20180906;2_LC08_172073_20180906;9;2018
2_LC08_172073_20180922;2_LC08_172073_20180922;9;2018
2_LC08_172073_20181008;2_LC08_172073_20181008;10;2018
2_LC08_172073_20181024;2_LC08_172073_20181024;10;2018
2_LC08_172073_20181109;2_LC08_172073_20181109;11;2018
2_LC08_172073_20181125;2_LC08_172073_20181125;11;2018
2_LC08_172073_20181211;2_LC08_172073_20181211;12;2018
2_LC08_172073_20181227;2_LC08_172073_20181227;12;2018
2_LC08_172073_20190112;2_LC08_172073_20190112;1;2019
2_LC08_172073_20190128;2_LC08_172073_20190128;1;2019
2_LC08_172073_20190213;2_LC08_172073_20190213;2;2019
2_LC08_172073_20190301;2_LC08_172073_20190301;3;2019
2_LC08_172073_20190317;2_LC08_172073_20190317;3;2019
2_LC08_172073_20190402;2_LC08_172073_20190402;4;2019
2_LC08_172073_20190418;2_LC08_172073_20190418;4;2019
2_LC08_172073_20190504;2_LC08_172073_20190504;5;2019
2_LC08_172073_20190520;2_LC08_172073_20190520;5;2019
2_LC08_172073_20190605;2_LC08_172073_20190605;6;2019
2_LC08_172073_20190621;2_LC08_172073_20190621;6;2019
2_LC08_172073_20190707;2_LC08_172073_20190707;7;2019
2_LC08_172073_20190723;2_LC08_172073_20190723;7;2019
2_LC08_172073_20190808;2_LC08_172073_20190808;8;2019
2_LC08_172073_20190824;2_LC08_172073_20190824;8;2019
2_LC08_172073_20190909;2_LC08_172073_20190909;9;2019
2_LC08_172073_20190925;2_LC08_172073_20190925;9;2019
2_LC08_172073_20191011;2_LC08_172073_20191011;10;2019
2_LC08_172073_20191027;2_LC08_172073_20191027;10;2019
2_LC08_172073_20191112;2_LC08_172073_20191112;11;2019
2_LC08_172073_20191128;2_LC08_172073_20191128;11;2019
2_LC08_172073_20191214;2_LC08_172073_20191214;12;2019
2_LC08_172073_20191230;2_LC08_172073_20191230;12;2019
2_LC08_172073_20200115;2_LC08_172073_20200115;1;2020
2_LC08_172073_20200131;2_LC08_172073_20200131;1;2020
2_LC08_172073_20200216;2_LC08_172073_20200216;2;2020
2_LC08_172073_20200319;2_LC08_172073_20200319;3;2020
2_LC08_172073_20200404;2_LC08_172073_20200404;4;2020
2_LC08_172073_20200420;2_LC08_172073_20200420;4;2020
2_LC08_172073_20200506;2_LC08_172073_20200506;5;2020
2_LC08_172073_20200522;2_LC08_172073_20200522;5;2020
2_LC08_172073_20200607;2_LC08_172073_20200607;6;2020
2_LC08_172073_20200623;2_LC08_172073_20200623;6;2020
2_LC08_172073_20200709;2_LC08_172073_20200709;7;2020
2_LC08_172073_20200725;2_LC08_172073_20200725;7;2020
2_LC08_172073_20200810;2_LC08_172073_20200810;8;2020
2_LC08_172073_20200826;2_LC08_172073_20200826;8;2020
2_LC08_172073_20200911;2_LC08_172073_20200911;9;2020
2_LC08_172073_20200927;2_LC08_172073_20200927;9;2020
2_LC08_172073_20201013;2_LC08_172073_20201013;10;2020
2_LC08_172073_20201029;2_LC08_172073_20201029;10;2020
2_LC08_172073_20201114;2_LC08_172073_20201114;11;2020
2_LC08_172073_20201130;2_LC08_172073_20201130;11;2020
2_LC08_172073_20201216;2_LC08_172073_20201216;12;2020
2_LC08_172073_20210101;2_LC08_172073_20210101;1;2021
2_LC08_172073_20210202;2_LC08_172073_20210202;2;2021
2_LC08_172073_20210218;2_LC08_172073_20210218;2;2021
2_LC08_172073_20210306;2_LC08_172073_20210306;3;2021
2_LC08_172073_20210322;2_LC08_172073_20210322;3;2021
2_LC08_172073_20210407;2_LC08_172073_20210407;4;2021
2_LC08_172073_20210423;2_LC08_172073_20210423;4;2021
2_LC08_172073_20210509;2_LC08_172073_20210509;5;2021
2_LC08_172073_20210525;2_LC08_172073_20210525;5;2021
2_LC08_172073_20210610;2_LC08_172073_20210610;6;2021
2_LC08_172073_20210626;2_LC08_172073_20210626;6;2021
2_LC08_172073_20210712;2_LC08_172073_20210712;7;2021
2_LC08_172073_20210728;2_LC08_172073_20210728;7;2021
2_LC08_172073_20210813;2_LC08_172073_20210813;8;2021
2_LC08_172073_20210829;2_LC08_172073_20210829;8;2021
2_LC08_172073_20210914;2_LC08_172073_20210914;9;2021
2_LC08_172073_20210930;2_LC08_172073_20210930;9;2021
2_LC08_172073_20211016;2_LC08_172073_20211016;10;2021
2_LC08_172073_20211101;2_LC08_172073_20211101;11;2021
2_LC08_172073_20211117;2_LC08_172073_20211117;11;2021
2_LC08_172073_20211203;2_LC08_172073_20211203;12;2021
2_LC08_172073_20211219;2_LC08_172073_20211219;12;2021
2_LC08_172073_20220104;2_LC08_172073_20220104;1;2022
2_LC08_172073_20220120;2_LC08_172073_20220120;1;2022
2_LC08_172073_20220205;2_LC08_172073_20220205;2;2022
2_LC08_172073_20220221;2_LC08_172073_20220221;2;2022
2_LC08_172073_20220309;2_LC08_172073_20220309;3;2022
2_LC08_172073_20220325;2_LC08_172073_20220325;3;2022
2_LC08_172073_20220410;2_LC08_172073_20220410;4;2022
2_LC08_172073_20220426;2_LC08_172073_20220426;4;2022
2_LC08_172073_20220512;2_LC08_172073_20220512;5;2022
2_LC08_172073_20220528;2_LC08_172073_20220528;5;2022
2_LC08_172073_20220613;2_LC08_172073_20220613;6;2022
2_LC08_172073_20220629;2_LC08_172073_20220629;6;2022
2_LC08_172073_20220715;2_LC08_172073_20220715;7;2022
2_LC08_172073_20220731;2_LC08_172073_20220731;7;2022
2_LC08_172073_20220816;2_LC08_172073_20220816;8;2022
2_LC08_172073_20220901;2_LC08_172073_20220901;9;2022
2_LC08_172073_20220917;2_LC08_172073_20220917;9;2022
2_LC08_172073_20221003;2_LC08_172073_20221003;10;2022
2_LC08_172073_20221019;2_LC08_172073_20221019;10;2022
2_LC08_172073_20221104;2_LC08_172073_20221104;11;2022
2_LC08_172073_20221120;2_LC08_172073_20221120;11;2022
2_LC08_172073_20221206;2_LC08_172073_20221206;12;2022
2_LC08_172073_20221222;2_LC08_172073_20221222;12;2022
2_LC08_172074_20130331;2_LC08_172074_20130331;3;2013
2_LC08_172074_20130410;2_LC08_172074_20130410;4;2013
2_LC08_172074_20130417;2_LC08_172074_20130417;4;2013
2_LC08_172074_20130503;2_LC08_172074_20130503;5;2013
2_LC08_172074_20130519;2_LC08_172074_20130519;5;2013
2_LC08_172074_20130604;2_LC08_172074_20130604;6;2013
2_LC08_172074_20130620;2_LC08_172074_20130620;6;2013
2_LC08_172074_20130706;2_LC08_172074_20130706;7;2013
2_LC08_172074_20130722;2_LC08_172074_20130722;7;2013
2_LC08_172074_20130807;2_LC08_172074_20130807;8;2013
2_LC08_172074_20130823;2_LC08_172074_20130823;8;2013
2_LC08_172074_20130908;2_LC08_172074_20130908;9;2013
2_LC08_172074_20130924;2_LC08_172074_20130924;9;2013
2_LC08_172074_20131010;2_LC08_172074_20131010;10;2013
2_LC08_172074_20131026;2_LC08_172074_20131026;10;2013
2_LC08_172074_20131111;2_LC08_172074_20131111;11;2013
2_LC08_172074_20131127;2_LC08_172074_20131127;11;2013
2_LC08_172074_20131213;2_LC08_172074_20131213;12;2013
2_LC08_172074_20131229;2_LC08_172074_20131229;12;2013
2_LC08_172074_20140114;2_LC08_172074_20140114;1;2014
2_LC08_172074_20140130;2_LC08_172074_20140130;1;2014
2_LC08_172074_20140215;2_LC08_172074_20140215;2;2014
2_LC08_172074_20140319;2_LC08_172074_20140319;3;2014
2_LC08_172074_20140404;2_LC08_172074_20140404;4;2014
2_LC08_172074_20140420;2_LC08_172074_20140420;4;2014
2_LC08_172074_20140506;2_LC08_172074_20140506;5;2014
2_LC08_172074_20140522;2_LC08_172074_20140522;5;2014
2_LC08_172074_20140607;2_LC08_172074_20140607;6;2014
2_LC08_172074_20140623;2_LC08_172074_20140623;6;2014
2_LC08_172074_20140709;2_LC08_172074_20140709;7;2014
2_LC08_172074_20140725;2_LC08_172074_20140725;7;2014
2_LC08_172074_20140810;2_LC08_172074_20140810;8;2014
2_LC08_172074_20140826;2_LC08_172074_20140826;8;2014
2_LC08_172074_20140911;2_LC08_172074_20140911;9;2014
2_LC08_172074_20140927;2_LC08_172074_20140927;9;2014
2_LC08_172074_20141013;2_LC08_172074_20141013;10;2014
2_LC08_172074_20141029;2_LC08_172074_20141029;10;2014
2_LC08_172074_20141114;2_LC08_172074_20141114;11;2014
2_LC08_172074_20141216;2_LC08_172074_20141216;12;2014
2_LC08_172074_20150117;2_LC08_172074_20150117;1;2015
2_LC08_172074_20150202;2_LC08_172074_20150202;2;2015
2_LC08_172074_20150218;2_LC08_172074_20150218;2;2015
2_LC08_172074_20150306;2_LC08_172074_20150306;3;2015
2_LC08_172074_20150322;2_LC08_172074_20150322;3;2015
2_LC08_172074_20150423;2_LC08_172074_20150423;4;2015
2_LC08_172074_20150509;2_LC08_172074_20150509;5;2015
2_LC08_172074_20150525;2_LC08_172074_20150525;5;2015
2_LC08_172074_20150610;2_LC08_172074_20150610;6;2015
2_LC08_172074_20150626;2_LC08_172074_20150626;6;2015
2_LC08_172074_20150712;2_LC08_172074_20150712;7;2015
2_LC08_172074_20150728;2_LC08_172074_20150728;7;2015
2_LC08_172074_20150813;2_LC08_172074_20150813;8;2015
2_LC08_172074_20150829;2_LC08_172074_20150829;8;2015
2_LC08_172074_20150914;2_LC08_172074_20150914;9;2015
2_LC08_172074_20150930;2_LC08_172074_20150930;9;2015
2_LC08_172074_20151016;2_LC08_172074_20151016;10;2015
2_LC08_172074_20151101;2_LC08_172074_20151101;11;2015
2_LC08_172074_20151117;2_LC08_172074_20151117;11;2015
2_LC08_172074_20151203;2_LC08_172074_20151203;12;2015
2_LC08_172074_20151219;2_LC08_172074_20151219;12;2015
2_LC08_172074_20160104;2_LC08_172074_20160104;1;2016
2_LC08_172074_20160120;2_LC08_172074_20160120;1;2016
2_LC08_172074_20160205;2_LC08_172074_20160205;2;2016
2_LC08_172074_20160221;2_LC08_172074_20160221;2;2016
2_LC08_172074_20160308;2_LC08_172074_20160308;3;2016
2_LC08_172074_20160324;2_LC08_172074_20160324;3;2016
2_LC08_172074_20160425;2_LC08_172074_20160425;4;2016
2_LC08_172074_20160511;2_LC08_172074_20160511;5;2016
2_LC08_172074_20160527;2_LC08_172074_20160527;5;2016
2_LC08_172074_20160612;2_LC08_172074_20160612;6;2016
2_LC08_172074_20160628;2_LC08_172074_20160628;6;2016
2_LC08_172074_20160714;2_LC08_172074_20160714;7;2016
2_LC08_172074_20160730;2_LC08_172074_20160730;7;2016
2_LC08_172074_20160815;2_LC08_172074_20160815;8;2016
2_LC08_172074_20160831;2_LC08_172074_20160831;8;2016
2_LC08_172074_20160916;2_LC08_172074_20160916;9;2016
2_LC08_172074_20161002;2_LC08_172074_20161002;10;2016
2_LC08_172074_20161018;2_LC08_172074_20161018;10;2016
2_LC08_172074_20161103;2_LC08_172074_20161103;11;2016
2_LC08_172074_20161119;2_LC08_172074_20161119;11;2016
2_LC08_172074_20161205;2_LC08_172074_20161205;12;2016
2_LC08_172074_20161221;2_LC08_172074_20161221;12;2016
2_LC08_172074_20170106;2_LC08_172074_20170106;1;2017
2_LC08_172074_20170122;2_LC08_172074_20170122;1;2017
2_LC08_172074_20170311;2_LC08_172074_20170311;3;2017
2_LC08_172074_20170327;2_LC08_172074_20170327;3;2017
2_LC08_172074_20170412;2_LC08_172074_20170412;4;2017
2_LC08_172074_20170428;2_LC08_172074_20170428;4;2017
2_LC08_172074_20170514;2_LC08_172074_20170514;5;2017
2_LC08_172074_20170530;2_LC08_172074_20170530;5;2017
2_LC08_172074_20170615;2_LC08_172074_20170615;6;2017
2_LC08_172074_20170701;2_LC08_172074_20170701;7;2017
2_LC08_172074_20170717;2_LC08_172074_20170717;7;2017
2_LC08_172074_20170818;2_LC08_172074_20170818;8;2017
2_LC08_172074_20170903;2_LC08_172074_20170903;9;2017
2_LC08_172074_20170919;2_LC08_172074_20170919;9;2017
2_LC08_172074_20171005;2_LC08_172074_20171005;10;2017
2_LC08_172074_20171021;2_LC08_172074_20171021;10;2017
2_LC08_172074_20171106;2_LC08_172074_20171106;11;2017
2_LC08_172074_20171122;2_LC08_172074_20171122;11;2017
2_LC08_172074_20180109;2_LC08_172074_20180109;1;2018
2_LC08_172074_20180125;2_LC08_172074_20180125;1;2018
2_LC08_172074_20180210;2_LC08_172074_20180210;2;2018
2_LC08_172074_20180314;2_LC08_172074_20180314;3;2018
2_LC08_172074_20180330;2_LC08_172074_20180330;3;2018
2_LC08_172074_20180415;2_LC08_172074_20180415;4;2018
2_LC08_172074_20180501;2_LC08_172074_20180501;5;2018
2_LC08_172074_20180517;2_LC08_172074_20180517;5;2018
2_LC08_172074_20180602;2_LC08_172074_20180602;6;2018
2_LC08_172074_20180618;2_LC08_172074_20180618;6;2018
2_LC08_172074_20180704;2_LC08_172074_20180704;7;2018
2_LC08_172074_20180720;2_LC08_172074_20180720;7;2018
2_LC08_172074_20180805;2_LC08_172074_20180805;8;2018
2_LC08_172074_20180821;2_LC08_172074_20180821;8;2018
2_LC08_172074_20180906;2_LC08_172074_20180906;9;2018
2_LC08_172074_20180922;2_LC08_172074_20180922;9;2018
2_LC08_172074_20181008;2_LC08_172074_20181008;10;2018
2_LC08_172074_20181024;2_LC08_172074_20181024;10;2018
2_LC08_172074_20181109;2_LC08_172074_20181109;11;2018
2_LC08_172074_20181125;2_LC08_172074_20181125;11;2018
2_LC08_172074_20181211;2_LC08_172074_20181211;12;2018
2_LC08_172074_20181227;2_LC08_172074_20181227;12;2018
2_LC08_172074_20190112;2_LC08_172074_20190112;1;2019
2_LC08_172074_20190128;2_LC08_172074_20190128;1;2019
2_LC08_172074_20190213;2_LC08_172074_20190213;2;2019
2_LC08_172074_20190301;2_LC08_172074_20190301;3;2019
2_LC08_172074_20190317;2_LC08_172074_20190317;3;2019
2_LC08_172074_20190402;2_LC08_172074_20190402;4;2019
2_LC08_172074_20190418;2_LC08_172074_20190418;4;2019
2_LC08_172074_20190504;2_LC08_172074_20190504;5;2019
2_LC08_172074_20190520;2_LC08_172074_20190520;5;2019
2_LC08_172074_20190605;2_LC08_172074_20190605;6;2019
2_LC08_172074_20190621;2_LC08_172074_20190621;6;2019
2_LC08_172074_20190707;2_LC08_172074_20190707;7;2019
2_LC08_172074_20190723;2_LC08_172074_20190723;7;2019
2_LC08_172074_20190808;2_LC08_172074_20190808;8;2019
2_LC08_172074_20190824;2_LC08_172074_20190824;8;2019
2_LC08_172074_20190909;2_LC08_172074_20190909;9;2019
2_LC08_172074_20190925;2_LC08_172074_20190925;9;2019
2_LC08_172074_20191011;2_LC08_172074_20191011;10;2019
2_LC08_172074_20191027;2_LC08_172074_20191027;10;2019
2_LC08_172074_20191112;2_LC08_172074_20191112;11;2019
2_LC08_172074_20191128;2_LC08_172074_20191128;11;2019
2_LC08_172074_20191214;2_LC08_172074_20191214;12;2019
2_LC08_172074_20191230;2_LC08_172074_20191230;12;2019
2_LC08_172074_20200115;2_LC08_172074_20200115;1;2020
2_LC08_172074_20200131;2_LC08_172074_20200131;1;2020
2_LC08_172074_20200216;2_LC08_172074_20200216;2;2020
2_LC08_172074_20200319;2_LC08_172074_20200319;3;2020
2_LC08_172074_20200404;2_LC08_172074_20200404;4;2020
2_LC08_172074_20200420;2_LC08_172074_20200420;4;2020
2_LC08_172074_20200506;2_LC08_172074_20200506;5;2020
2_LC08_172074_20200522;2_LC08_172074_20200522;5;2020
2_LC08_172074_20200607;2_LC08_172074_20200607;6;2020
2_LC08_172074_20200623;2_LC08_172074_20200623;6;2020
2_LC08_172074_20200709;2_LC08_172074_20200709;7;2020
2_LC08_172074_20200725;2_LC08_172074_20200725;7;2020
2_LC08_172074_20200810;2_LC08_172074_20200810;8;2020
2_LC08_172074_20200826;2_LC08_172074_20200826;8;2020
2_LC08_172074_20200911;2_LC08_172074_20200911;9;2020
2_LC08_172074_20200927;2_LC08_172074_20200927;9;2020
2_LC08_172074_20201013;2_LC08_172074_20201013;10;2020
2_LC08_172074_20201029;2_LC08_172074_20201029;10;2020
2_LC08_172074_20201114;2_LC08_172074_20201114;11;2020
2_LC08_172074_20201130;2_LC08_172074_20201130;11;2020
2_LC08_172074_20210101;2_LC08_172074_20210101;1;2021
2_LC08_172074_20210117;2_LC08_172074_20210117;1;2021
2_LC08_172074_20210202;2_LC08_172074_20210202;2;2021
2_LC08_172074_20210218;2_LC08_172074_20210218;2;2021
2_LC08_172074_20210306;2_LC08_172074_20210306;3;2021
2_LC08_172074_20210322;2_LC08_172074_20210322;3;2021
2_LC08_172074_20210407;2_LC08_172074_20210407;4;2021
2_LC08_172074_20210423;2_LC08_172074_20210423;4;2021
2_LC08_172074_20210509;2_LC08_172074_20210509;5;2021
2_LC08_172074_20210525;2_LC08_172074_20210525;5;2021
2_LC08_172074_20210610;2_LC08_172074_20210610;6;2021
2_LC08_172074_20210626;2_LC08_172074_20210626;6;2021
2_LC08_172074_20210712;2_LC08_172074_20210712;7;2021
2_LC08_172074_20210728;2_LC08_172074_20210728;7;2021
2_LC08_172074_20210813;2_LC08_172074_20210813;8;2021
2_LC08_172074_20210829;2_LC08_172074_20210829;8;2021
2_LC08_172074_20210914;2_LC08_172074_20210914;9;2021
2_LC08_172074_20210930;2_LC08_172074_20210930;9;2021
2_LC08_172074_20211016;2_LC08_172074_20211016;10;2021
2_LC08_172074_20211101;2_LC08_172074_20211101;11;2021
2_LC08_172074_20211117;2_LC08_172074_20211117;11;2021
2_LC08_172074_20211203;2_LC08_172074_20211203;12;2021
2_LC08_172074_20211219;2_LC08_172074_20211219;12;2021
2_LC08_172074_20220104;2_LC08_172074_20220104;1;2022
2_LC08_172074_20220120;2_LC08_172074_20220120;1;2022
2_LC08_172074_20220205;2_LC08_172074_20220205;2;2022
2_LC08_172074_20220221;2_LC08_172074_20220221;2;2022
2_LC08_172074_20220309;2_LC08_172074_20220309;3;2022
2_LC08_172074_20220325;2_LC08_172074_20220325;3;2022
2_LC08_172074_20220410;2_LC08_172074_20220410;4;2022
2_LC08_172074_20220426;2_LC08_172074_20220426;4;2022
2_LC08_172074_20220512;2_LC08_172074_20220512;5;2022
2_LC08_172074_20220528;2_LC08_172074_20220528;5;2022
2_LC08_172074_20220613;2_LC08_172074_20220613;6;2022
2_LC08_172074_20220629;2_LC08_172074_20220629;6;2022
2_LC08_172074_20220715;2_LC08_172074_20220715;7;2022
2_LC08_172074_20220731;2_LC08_172074_20220731;7;2022
2_LC08_172074_20220816;2_LC08_172074_20220816;8;2022
2_LC08_172074_20220901;2_LC08_172074_20220901;9;2022
2_LC08_172074_20220917;2_LC08_172074_20220917;9;2022
2_LC08_172074_20221003;2_LC08_172074_20221003;10;2022
2_LC08_172074_20221019;2_LC08_172074_20221019;10;2022
2_LC08_172074_20221104;2_LC08_172074_20221104;11;2022
2_LC08_172074_20221120;2_LC08_172074_20221120;11;2022
2_LC08_172074_20221222;2_LC08_172074_20221222;12;2022
2_LC08_173073_20130424;2_LC08_173073_20130424;4;2013
2_LC08_173073_20130611;2_LC08_173073_20130611;6;2013
2_LC08_173073_20130627;2_LC08_173073_20130627;6;2013
2_LC08_173073_20130713;2_LC08_173073_20130713;7;2013
2_LC08_173073_20130729;2_LC08_173073_20130729;7;2013
2_LC08_173073_20130814;2_LC08_173073_20130814;8;2013
2_LC08_173073_20130830;2_LC08_173073_20130830;8;2013
2_LC08_173073_20130915;2_LC08_173073_20130915;9;2013
2_LC08_173073_20131001;2_LC08_173073_20131001;10;2013
2_LC08_173073_20131017;2_LC08_173073_20131017;10;2013
2_LC08_173073_20131118;2_LC08_173073_20131118;11;2013
2_LC08_173073_20131204;2_LC08_173073_20131204;12;2013
2_LC08_173073_20140121;2_LC08_173073_20140121;1;2014
2_LC08_173073_20140222;2_LC08_173073_20140222;2;2014
2_LC08_173073_20140310;2_LC08_173073_20140310;3;2014
2_LC08_173073_20140326;2_LC08_173073_20140326;3;2014
2_LC08_173073_20140427;2_LC08_173073_20140427;4;2014
2_LC08_173073_20140513;2_LC08_173073_20140513;5;2014
2_LC08_173073_20140529;2_LC08_173073_20140529;5;2014
2_LC08_173073_20140614;2_LC08_173073_20140614;6;2014
2_LC08_173073_20140630;2_LC08_173073_20140630;6;2014
2_LC08_173073_20140716;2_LC08_173073_20140716;7;2014
2_LC08_173073_20140801;2_LC08_173073_20140801;8;2014
2_LC08_173073_20140817;2_LC08_173073_20140817;8;2014
2_LC08_173073_20140902;2_LC08_173073_20140902;9;2014
2_LC08_173073_20140918;2_LC08_173073_20140918;9;2014
2_LC08_173073_20141004;2_LC08_173073_20141004;10;2014
2_LC08_173073_20141020;2_LC08_173073_20141020;10;2014
2_LC08_173073_20141105;2_LC08_173073_20141105;11;2014
2_LC08_173073_20141121;2_LC08_173073_20141121;11;2014
2_LC08_173073_20141207;2_LC08_173073_20141207;12;2014
2_LC08_173073_20141223;2_LC08_173073_20141223;12;2014
2_LC08_173073_20150108;2_LC08_173073_20150108;1;2015
2_LC08_173073_20150124;2_LC08_173073_20150124;1;2015
2_LC08_173073_20150209;2_LC08_173073_20150209;2;2015
2_LC08_173073_20150225;2_LC08_173073_20150225;2;2015
2_LC08_173073_20150313;2_LC08_173073_20150313;3;2015
2_LC08_173073_20150414;2_LC08_173073_20150414;4;2015
2_LC08_173073_20150430;2_LC08_173073_20150430;4;2015
2_LC08_173073_20150516;2_LC08_173073_20150516;5;2015
2_LC08_173073_20150601;2_LC08_173073_20150601;6;2015
2_LC08_173073_20150617;2_LC08_173073_20150617;6;2015
2_LC08_173073_20150703;2_LC08_173073_20150703;7;2015
2_LC08_173073_20150719;2_LC08_173073_20150719;7;2015
2_LC08_173073_20150804;2_LC08_173073_20150804;8;2015
2_LC08_173073_20150820;2_LC08_173073_20150820;8;2015
2_LC08_173073_20150905;2_LC08_173073_20150905;9;2015
2_LC08_173073_20150921;2_LC08_173073_20150921;9;2015
2_LC08_173073_20151007;2_LC08_173073_20151007;10;2015
2_LC08_173073_20151023;2_LC08_173073_20151023;10;2015
2_LC08_173073_20151108;2_LC08_173073_20151108;11;2015
2_LC08_173073_20151124;2_LC08_173073_20151124;11;2015
2_LC08_173073_20151210;2_LC08_173073_20151210;12;2015
2_LC08_173073_20151226;2_LC08_173073_20151226;12;2015
2_LC08_173073_20160111;2_LC08_173073_20160111;1;2016
2_LC08_173073_20160127;2_LC08_173073_20160127;1;2016
2_LC08_173073_20160212;2_LC08_173073_20160212;2;2016
2_LC08_173073_20160315;2_LC08_173073_20160315;3;2016
2_LC08_173073_20160331;2_LC08_173073_20160331;3;2016
2_LC08_173073_20160416;2_LC08_173073_20160416;4;2016
2_LC08_173073_20160502;2_LC08_173073_20160502;5;2016
2_LC08_173073_20160518;2_LC08_173073_20160518;5;2016
2_LC08_173073_20160603;2_LC08_173073_20160603;6;2016
2_LC08_173073_20160619;2_LC08_173073_20160619;6;2016
2_LC08_173073_20160705;2_LC08_173073_20160705;7;2016
2_LC08_173073_20160721;2_LC08_173073_20160721;7;2016
2_LC08_173073_20160806;2_LC08_173073_20160806;8;2016
2_LC08_173073_20160822;2_LC08_173073_20160822;8;2016
2_LC08_173073_20160907;2_LC08_173073_20160907;9;2016
2_LC08_173073_20160923;2_LC08_173073_20160923;9;2016
2_LC08_173073_20161009;2_LC08_173073_20161009;10;2016
2_LC08_173073_20161025;2_LC08_173073_20161025;10;2016
2_LC08_173073_20161110;2_LC08_173073_20161110;11;2016
2_LC08_173073_20161126;2_LC08_173073_20161126;11;2016
2_LC08_173073_20161228;2_LC08_173073_20161228;12;2016
2_LC08_173073_20170113;2_LC08_173073_20170113;1;2017
2_LC08_173073_20170214;2_LC08_173073_20170214;2;2017
2_LC08_173073_20170302;2_LC08_173073_20170302;3;2017
2_LC08_173073_20170318;2_LC08_173073_20170318;3;2017
2_LC08_173073_20170403;2_LC08_173073_20170403;4;2017
2_LC08_173073_20170419;2_LC08_173073_20170419;4;2017
2_LC08_173073_20170505;2_LC08_173073_20170505;5;2017
2_LC08_173073_20170521;2_LC08_173073_20170521;5;2017
2_LC08_173073_20170606;2_LC08_173073_20170606;6;2017
2_LC08_173073_20170622;2_LC08_173073_20170622;6;2017
2_LC08_173073_20170708;2_LC08_173073_20170708;7;2017
2_LC08_173073_20170724;2_LC08_173073_20170724;7;2017
2_LC08_173073_20170809;2_LC08_173073_20170809;8;2017
2_LC08_173073_20170825;2_LC08_173073_20170825;8;2017
2_LC08_173073_20170910;2_LC08_173073_20170910;9;2017
2_LC08_173073_20170926;2_LC08_173073_20170926;9;2017
2_LC08_173073_20171012;2_LC08_173073_20171012;10;2017
2_LC08_173073_20171028;2_LC08_173073_20171028;10;2017
2_LC08_173073_20171113;2_LC08_173073_20171113;11;2017
2_LC08_173073_20171129;2_LC08_173073_20171129;11;2017
2_LC08_173073_20171215;2_LC08_173073_20171215;12;2017
2_LC08_173073_20171231;2_LC08_173073_20171231;12;2017
2_LC08_173073_20180116;2_LC08_173073_20180116;1;2018
2_LC08_173073_20180201;2_LC08_173073_20180201;2;2018
2_LC08_173073_20180305;2_LC08_173073_20180305;3;2018
2_LC08_173073_20180321;2_LC08_173073_20180321;3;2018
2_LC08_173073_20180422;2_LC08_173073_20180422;4;2018
2_LC08_173073_20180508;2_LC08_173073_20180508;5;2018
2_LC08_173073_20180609;2_LC08_173073_20180609;6;2018
2_LC08_173073_20180625;2_LC08_173073_20180625;6;2018
2_LC08_173073_20180711;2_LC08_173073_20180711;7;2018
2_LC08_173073_20180727;2_LC08_173073_20180727;7;2018
2_LC08_173073_20180812;2_LC08_173073_20180812;8;2018
2_LC08_173073_20180828;2_LC08_173073_20180828;8;2018
2_LC08_173073_20180913;2_LC08_173073_20180913;9;2018
2_LC08_173073_20180929;2_LC08_173073_20180929;9;2018
2_LC08_173073_20181015;2_LC08_173073_20181015;10;2018
2_LC08_173073_20181031;2_LC08_173073_20181031;10;2018
2_LC08_173073_20181116;2_LC08_173073_20181116;11;2018
2_LC08_173073_20181202;2_LC08_173073_20181202;12;2018
2_LC08_173073_20181218;2_LC08_173073_20181218;12;2018
2_LC08_173073_20190103;2_LC08_173073_20190103;1;2019
2_LC08_173073_20190119;2_LC08_173073_20190119;1;2019
2_LC08_173073_20190204;2_LC08_173073_20190204;2;2019
2_LC08_173073_20190220;2_LC08_173073_20190220;2;2019
2_LC08_173073_20190308;2_LC08_173073_20190308;3;2019
2_LC08_173073_20190324;2_LC08_173073_20190324;3;2019
2_LC08_173073_20190409;2_LC08_173073_20190409;4;2019
2_LC08_173073_20190425;2_LC08_173073_20190425;4;2019
2_LC08_173073_20190511;2_LC08_173073_20190511;5;2019
2_LC08_173073_20190527;2_LC08_173073_20190527;5;2019
2_LC08_173073_20190612;2_LC08_173073_20190612;6;2019
2_LC08_173073_20190628;2_LC08_173073_20190628;6;2019
2_LC08_173073_20190714;2_LC08_173073_20190714;7;2019
2_LC08_173073_20190730;2_LC08_173073_20190730;7;2019
2_LC08_173073_20190815;2_LC08_173073_20190815;8;2019
2_LC08_173073_20190831;2_LC08_173073_20190831;8;2019
2_LC08_173073_20190916;2_LC08_173073_20190916;9;2019
2_LC08_173073_20191002;2_LC08_173073_20191002;10;2019
2_LC08_173073_20191018;2_LC08_173073_20191018;10;2019
2_LC08_173073_20191103;2_LC08_173073_20191103;11;2019
2_LC08_173073_20191119;2_LC08_173073_20191119;11;2019
2_LC08_173073_20191205;2_LC08_173073_20191205;12;2019
2_LC08_173073_20200106;2_LC08_173073_20200106;1;2020
2_LC08_173073_20200122;2_LC08_173073_20200122;1;2020
2_LC08_173073_20200207;2_LC08_173073_20200207;2;2020
2_LC08_173073_20200223;2_LC08_173073_20200223;2;2020
2_LC08_173073_20200310;2_LC08_173073_20200310;3;2020
2_LC08_173073_20200326;2_LC08_173073_20200326;3;2020
2_LC08_173073_20200411;2_LC08_173073_20200411;4;2020
2_LC08_173073_20200427;2_LC08_173073_20200427;4;2020
2_LC08_173073_20200513;2_LC08_173073_20200513;5;2020
2_LC08_173073_20200529;2_LC08_173073_20200529;5;2020
2_LC08_173073_20200614;2_LC08_173073_20200614;6;2020
2_LC08_173073_20200630;2_LC08_173073_20200630;6;2020
2_LC08_173073_20200716;2_LC08_173073_20200716;7;2020
2_LC08_173073_20200801;2_LC08_173073_20200801;8;2020
2_LC08_173073_20200817;2_LC08_173073_20200817;8;2020
2_LC08_173073_20200902;2_LC08_173073_20200902;9;2020
2_LC08_173073_20200918;2_LC08_173073_20200918;9;2020
2_LC08_173073_20201004;2_LC08_173073_20201004;10;2020
2_LC08_173073_20201020;2_LC08_173073_20201020;10;2020
2_LC08_173073_20201121;2_LC08_173073_20201121;11;2020
2_LC08_173073_20201207;2_LC08_173073_20201207;12;2020
2_LC08_173073_20201223;2_LC08_173073_20201223;12;2020
2_LC08_173073_20210124;2_LC08_173073_20210124;1;2021
2_LC08_173073_20210209;2_LC08_173073_20210209;2;2021
2_LC08_173073_20210225;2_LC08_173073_20210225;2;2021
2_LC08_173073_20210313;2_LC08_173073_20210313;3;2021
2_LC08_173073_20210329;2_LC08_173073_20210329;3;2021
2_LC08_173073_20210414;2_LC08_173073_20210414;4;2021
2_LC08_173073_20210430;2_LC08_173073_20210430;4;2021
2_LC08_173073_20210516;2_LC08_173073_20210516;5;2021
2_LC08_173073_20210601;2_LC08_173073_20210601;6;2021
2_LC08_173073_20210617;2_LC08_173073_20210617;6;2021
2_LC08_173073_20210703;2_LC08_173073_20210703;7;2021
2_LC08_173073_20210719;2_LC08_173073_20210719;7;2021
2_LC08_173073_20210804;2_LC08_173073_20210804;8;2021
2_LC08_173073_20210820;2_LC08_173073_20210820;8;2021
2_LC08_173073_20210905;2_LC08_173073_20210905;9;2021
2_LC08_173073_20210921;2_LC08_173073_20210921;9;2021
2_LC08_173073_20211007;2_LC08_173073_20211007;10;2021
2_LC08_173073_20211023;2_LC08_173073_20211023;10;2021
2_LC08_173073_20211108;2_LC08_173073_20211108;11;2021
2_LC08_173073_20211124;2_LC08_173073_20211124;11;2021
2_LC08_173073_20211210;2_LC08_173073_20211210;12;2021
2_LC08_173073_20211226;2_LC08_173073_20211226;12;2021
2_LC08_173073_20220111;2_LC08_173073_20220111;1;2022
2_LC08_173073_20220212;2_LC08_173073_20220212;2;2022
2_LC08_173073_20220228;2_LC08_173073_20220228;2;2022
2_LC08_173073_20220316;2_LC08_173073_20220316;3;2022
2_LC08_173073_20220401;2_LC08_173073_20220401;4;2022
2_LC08_173073_20220417;2_LC08_173073_20220417;4;2022
2_LC08_173073_20220503;2_LC08_173073_20220503;5;2022
2_LC08_173073_20220519;2_LC08_173073_20220519;5;2022
2_LC08_173073_20220604;2_LC08_173073_20220604;6;2022
2_LC08_173073_20220620;2_LC08_173073_20220620;6;2022
2_LC08_173073_20220706;2_LC08_173073_20220706;7;2022
2_LC08_173073_20220722;2_LC08_173073_20220722;7;2022
2_LC08_173073_20220807;2_LC08_173073_20220807;8;2022
2_LC08_173073_20220823;2_LC08_173073_20220823;8;2022
2_LC08_173073_20220908;2_LC08_173073_20220908;9;2022
2_LC08_173073_20220924;2_LC08_173073_20220924;9;2022
2_LC08_173073_20221010;2_LC08_173073_20221010;10;2022
2_LC08_173073_20221026;2_LC08_173073_20221026;10;2022
2_LC08_173073_20221111;2_LC08_173073_20221111;11;2022
2_LC08_173073_20221213;2_LC08_173073_20221213;12;2022
2_LC08_173073_20221229;2_LC08_173073_20221229;12;2022
2_LC08_173074_20130713;2_LC08_173074_20130713;7;2013
2_LC08_173074_20130729;2_LC08_173074_20130729;7;2013
2_LC08_173074_20130814;2_LC08_173074_20130814;8;2013
2_LC08_173074_20130830;2_LC08_173074_20130830;8;2013
2_LC08_173074_20130915;2_LC08_173074_20130915;9;2013
2_LC08_173074_20131001;2_LC08_173074_20131001;10;2013
2_LC08_173074_20131017;2_LC08_173074_20131017;10;2013
2_LC08_173074_20131204;2_LC08_173074_20131204;12;2013
2_LC08_173074_20140121;2_LC08_173074_20140121;1;2014
2_LC08_173074_20140222;2_LC08_173074_20140222;2;2014
2_LC08_173074_20140310;2_LC08_173074_20140310;3;2014
2_LC08_173074_20140326;2_LC08_173074_20140326;3;2014
2_LC08_173074_20140427;2_LC08_173074_20140427;4;2014
2_LC08_173074_20140513;2_LC08_173074_20140513;5;2014
2_LC08_173074_20140529;2_LC08_173074_20140529;5;2014
2_LC08_173074_20140614;2_LC08_173074_20140614;6;2014
2_LC08_173074_20140630;2_LC08_173074_20140630;6;2014
2_LC08_173074_20140716;2_LC08_173074_20140716;7;2014
2_LC08_173074_20140801;2_LC08_173074_20140801;8;2014
2_LC08_173074_20140817;2_LC08_173074_20140817;8;2014
2_LC08_173074_20140902;2_LC08_173074_20140902;9;2014
2_LC08_173074_20140918;2_LC08_173074_20140918;9;2014
2_LC08_173074_20141004;2_LC08_173074_20141004;10;2014
2_LC08_173074_20141020;2_LC08_173074_20141020;10;2014
2_LC08_173074_20141105;2_LC08_173074_20141105;11;2014
2_LC08_173074_20141121;2_LC08_173074_20141121;11;2014
2_LC08_173074_20141207;2_LC08_173074_20141207;12;2014
2_LC08_173074_20141223;2_LC08_173074_20141223;12;2014
2_LC08_173074_20150108;2_LC08_173074_20150108;1;2015
2_LC08_173074_20150124;2_LC08_173074_20150124;1;2015
2_LC08_173074_20150209;2_LC08_173074_20150209;2;2015
2_LC08_173074_20150225;2_LC08_173074_20150225;2;2015
2_LC08_173074_20150313;2_LC08_173074_20150313;3;2015
2_LC08_173074_20150329;2_LC08_173074_20150329;3;2015
2_LC08_173074_20150414;2_LC08_173074_20150414;4;2015
2_LC08_173074_20150430;2_LC08_173074_20150430;4;2015
2_LC08_173074_20150516;2_LC08_173074_20150516;5;2015
2_LC08_173074_20150601;2_LC08_173074_20150601;6;2015
2_LC08_173074_20150617;2_LC08_173074_20150617;6;2015
2_LC08_173074_20150703;2_LC08_173074_20150703;7;2015
2_LC08_173074_20150719;2_LC08_173074_20150719;7;2015
2_LC08_173074_20150804;2_LC08_173074_20150804;8;2015
2_LC08_173074_20150820;2_LC08_173074_20150820;8;2015
2_LC08_173074_20150905;2_LC08_173074_20150905;9;2015
2_LC08_173074_20150921;2_LC08_173074_20150921;9;2015
2_LC08_173074_20151007;2_LC08_173074_20151007;10;2015
2_LC08_173074_20151023;2_LC08_173074_20151023;10;2015
2_LC08_173074_20151108;2_LC08_173074_20151108;11;2015
2_LC08_173074_20151124;2_LC08_173074_20151124;11;2015
2_LC08_173074_20151210;2_LC08_173074_20151210;12;2015
2_LC08_173074_20151226;2_LC08_173074_20151226;12;2015
2_LC08_173074_20160111;2_LC08_173074_20160111;1;2016
2_LC08_173074_20160127;2_LC08_173074_20160127;1;2016
2_LC08_173074_20160212;2_LC08_173074_20160212;2;2016
2_LC08_173074_20160331;2_LC08_173074_20160331;3;2016
2_LC08_173074_20160416;2_LC08_173074_20160416;4;2016
2_LC08_173074_20160502;2_LC08_173074_20160502;5;2016
2_LC08_173074_20160518;2_LC08_173074_20160518;5;2016
2_LC08_173074_20160603;2_LC08_173074_20160603;6;2016
2_LC08_173074_20160619;2_LC08_173074_20160619;6;2016
2_LC08_173074_20160705;2_LC08_173074_20160705;7;2016
2_LC08_173074_20160721;2_LC08_173074_20160721;7;2016
2_LC08_173074_20160806;2_LC08_173074_20160806;8;2016
2_LC08_173074_20160822;2_LC08_173074_20160822;8;2016
2_LC08_173074_20160907;2_LC08_173074_20160907;9;2016
2_LC08_173074_20160923;2_LC08_173074_20160923;9;2016
2_LC08_173074_20161009;2_LC08_173074_20161009;10;2016
2_LC08_173074_20161025;2_LC08_173074_20161025;10;2016
2_LC08_173074_20161110;2_LC08_173074_20161110;11;2016
2_LC08_173074_20161126;2_LC08_173074_20161126;11;2016
2_LC08_173074_20161228;2_LC08_173074_20161228;12;2016
2_LC08_173074_20170113;2_LC08_173074_20170113;1;2017
2_LC08_173074_20170214;2_LC08_173074_20170214;2;2017
2_LC08_173074_20170302;2_LC08_173074_20170302;3;2017
2_LC08_173074_20170318;2_LC08_173074_20170318;3;2017
2_LC08_173074_20170403;2_LC08_173074_20170403;4;2017
2_LC08_173074_20170419;2_LC08_173074_20170419;4;2017
2_LC08_173074_20170505;2_LC08_173074_20170505;5;2017
2_LC08_173074_20170521;2_LC08_173074_20170521;5;2017
2_LC08_173074_20170606;2_LC08_173074_20170606;6;2017
2_LC08_173074_20170622;2_LC08_173074_20170622;6;2017
2_LC08_173074_20170708;2_LC08_173074_20170708;7;2017
2_LC08_173074_20170724;2_LC08_173074_20170724;7;2017
2_LC08_173074_20170809;2_LC08_173074_20170809;8;2017
2_LC08_173074_20170825;2_LC08_173074_20170825;8;2017
2_LC08_173074_20170910;2_LC08_173074_20170910;9;2017
2_LC08_173074_20170926;2_LC08_173074_20170926;9;2017
2_LC08_173074_20171012;2_LC08_173074_20171012;10;2017
2_LC08_173074_20171113;2_LC08_173074_20171113;11;2017
2_LC08_173074_20171129;2_LC08_173074_20171129;11;2017
2_LC08_173074_20171215;2_LC08_173074_20171215;12;2017
2_LC08_173074_20171231;2_LC08_173074_20171231;12;2017
2_LC08_173074_20180116;2_LC08_173074_20180116;1;2018
2_LC08_173074_20180201;2_LC08_173074_20180201;2;2018
2_LC08_173074_20180305;2_LC08_173074_20180305;3;2018
2_LC08_173074_20180321;2_LC08_173074_20180321;3;2018
2_LC08_173074_20180406;2_LC08_173074_20180406;4;2018
2_LC08_173074_20180422;2_LC08_173074_20180422;4;2018
2_LC08_173074_20180508;2_LC08_173074_20180508;5;2018
2_LC08_173074_20180524;2_LC08_173074_20180524;5;2018
2_LC08_173074_20180609;2_LC08_173074_20180609;6;2018
2_LC08_173074_20180625;2_LC08_173074_20180625;6;2018
2_LC08_173074_20180711;2_LC08_173074_20180711;7;2018
2_LC08_173074_20180727;2_LC08_173074_20180727;7;2018
2_LC08_173074_20180812;2_LC08_173074_20180812;8;2018
2_LC08_173074_20180828;2_LC08_173074_20180828;8;2018
2_LC08_173074_20180913;2_LC08_173074_20180913;9;2018
2_LC08_173074_20180929;2_LC08_173074_20180929;9;2018
2_LC08_173074_20181015;2_LC08_173074_20181015;10;2018
2_LC08_173074_20181031;2_LC08_173074_20181031;10;2018
2_LC08_173074_20181116;2_LC08_173074_20181116;11;2018
2_LC08_173074_20181202;2_LC08_173074_20181202;12;2018
2_LC08_173074_20181218;2_LC08_173074_20181218;12;2018
2_LC08_173074_20190103;2_LC08_173074_20190103;1;2019
2_LC08_173074_20190119;2_LC08_173074_20190119;1;2019
2_LC08_173074_20190204;2_LC08_173074_20190204;2;2019
2_LC08_173074_20190220;2_LC08_173074_20190220;2;2019
2_LC08_173074_20190308;2_LC08_173074_20190308;3;2019
2_LC08_173074_20190324;2_LC08_173074_20190324;3;2019
2_LC08_173074_20190409;2_LC08_173074_20190409;4;2019
2_LC08_173074_20190425;2_LC08_173074_20190425;4;2019
2_LC08_173074_20190511;2_LC08_173074_20190511;5;2019
2_LC08_173074_20190527;2_LC08_173074_20190527;5;2019
2_LC08_173074_20190612;2_LC08_173074_20190612;6;2019
2_LC08_173074_20190628;2_LC08_173074_20190628;6;2019
2_LC08_173074_20190714;2_LC08_173074_20190714;7;2019
2_LC08_173074_20190730;2_LC08_173074_20190730;7;2019
2_LC08_173074_20190815;2_LC08_173074_20190815;8;2019
2_LC08_173074_20190831;2_LC08_173074_20190831;8;2019
2_LC08_173074_20190916;2_LC08_173074_20190916;9;2019
2_LC08_173074_20191002;2_LC08_173074_20191002;10;2019
2_LC08_173074_20191018;2_LC08_173074_20191018;10;2019
2_LC08_173074_20191103;2_LC08_173074_20191103;11;2019
2_LC08_173074_20191119;2_LC08_173074_20191119;11;2019
2_LC08_173074_20191205;2_LC08_173074_20191205;12;2019
2_LC08_173074_20200106;2_LC08_173074_20200106;1;2020
2_LC08_173074_20200122;2_LC08_173074_20200122;1;2020
2_LC08_173074_20200207;2_LC08_173074_20200207;2;2020
2_LC08_173074_20200223;2_LC08_173074_20200223;2;2020
2_LC08_173074_20200310;2_LC08_173074_20200310;3;2020
2_LC08_173074_20200326;2_LC08_173074_20200326;3;2020
2_LC08_173074_20200411;2_LC08_173074_20200411;4;2020
2_LC08_173074_20200427;2_LC08_173074_20200427;4;2020
2_LC08_173074_20200513;2_LC08_173074_20200513;5;2020
2_LC08_173074_20200529;2_LC08_173074_20200529;5;2020
2_LC08_173074_20200614;2_LC08_173074_20200614;6;2020
2_LC08_173074_20200630;2_LC08_173074_20200630;6;2020
2_LC08_173074_20200716;2_LC08_173074_20200716;7;2020
2_LC08_173074_20200801;2_LC08_173074_20200801;8;2020
2_LC08_173074_20200817;2_LC08_173074_20200817;8;2020
2_LC08_173074_20200902;2_LC08_173074_20200902;9;2020
2_LC08_173074_20200918;2_LC08_173074_20200918;9;2020
2_LC08_173074_20201004;2_LC08_173074_20201004;10;2020
2_LC08_173074_20201020;2_LC08_173074_20201020;10;2020
2_LC08_173074_20201121;2_LC08_173074_20201121;11;2020
2_LC08_173074_20201207;2_LC08_173074_20201207;12;2020
2_LC08_173074_20201223;2_LC08_173074_20201223;12;2020
2_LC08_173074_20210108;2_LC08_173074_20210108;1;2021
2_LC08_173074_20210124;2_LC08_173074_20210124;1;2021
2_LC08_173074_20210225;2_LC08_173074_20210225;2;2021
2_LC08_173074_20210313;2_LC08_173074_20210313;3;2021
2_LC08_173074_20210329;2_LC08_173074_20210329;3;2021
2_LC08_173074_20210414;2_LC08_173074_20210414;4;2021
2_LC08_173074_20210430;2_LC08_173074_20210430;4;2021
2_LC08_173074_20210516;2_LC08_173074_20210516;5;2021
2_LC08_173074_20210601;2_LC08_173074_20210601;6;2021
2_LC08_173074_20210617;2_LC08_173074_20210617;6;2021
2_LC08_173074_20210703;2_LC08_173074_20210703;7;2021
2_LC08_173074_20210719;2_LC08_173074_20210719;7;2021
2_LC08_173074_20210804;2_LC08_173074_20210804;8;2021
2_LC08_173074_20210820;2_LC08_173074_20210820;8;2021
2_LC08_173074_20210905;2_LC08_173074_20210905;9;2021
2_LC08_173074_20210921;2_LC08_173074_20210921;9;2021
2_LC08_173074_20211007;2_LC08_173074_20211007;10;2021
2_LC08_173074_20211023;2_LC08_173074_20211023;10;2021
2_LC08_173074_20211108;2_LC08_173074_20211108;11;2021
2_LC08_173074_20211124;2_LC08_173074_20211124;11;2021
2_LC08_173074_20211210;2_LC08_173074_20211210;12;2021
2_LC08_173074_20220212;2_LC08_173074_20220212;2;2022
2_LC08_173074_20220228;2_LC08_173074_20220228;2;2022
2_LC08_173074_20220401;2_LC08_173074_20220401;4;2022
2_LC08_173074_20220417;2_LC08_173074_20220417;4;2022
2_LC08_173074_20220503;2_LC08_173074_20220503;5;2022
2_LC08_173074_20220519;2_LC08_173074_20220519;5;2022
2_LC08_173074_20220604;2_LC08_173074_20220604;6;2022
2_LC08_173074_20220620;2_LC08_173074_20220620;6;2022
2_LC08_173074_20220706;2_LC08_173074_20220706;7;2022
2_LC08_173074_20220722;2_LC08_173074_20220722;7;2022
2_LC08_173074_20220807;2_LC08_173074_20220807;8;2022
2_LC08_173074_20220823;2_LC08_173074_20220823;8;2022
2_LC08_173074_20220908;2_LC08_173074_20220908;9;2022
2_LC08_173074_20220924;2_LC08_173074_20220924;9;2022
2_LC08_173074_20221010;2_LC08_173074_20221010;10;2022
2_LC08_173074_20221111;2_LC08_173074_20221111;11;2022
2_LC08_173074_20221127;2_LC08_173074_20221127;11;2022
2_LC08_173074_20221213;2_LC08_173074_20221213;12;2022
2_LC08_173074_20221229;2_LC08_173074_20221229;12;2022
